text,target
安神助眠茶配方！,是
小红书怎么涨粉,否
蜜月旅行推荐？,否
二战转折点是什么战役？,否
求解答玉屏风散的功效,是
说说定喘汤的组成,是
你好，请问，身份证过期了怎么换。,否
鹦鹉怎么教说话,否
说说防己黄芪汤的功效,是
逍遥丸主要治什么,是
外卖超时怎么投诉。,否
黑洞是怎么形成的！,否
想问下二陈汤的组成是什么,是
豆瓣评分最高的电影。,否
火车票退票手续费,否
肾经的代表药材,是
讲讲甘草,是
大学生要不要考研,否
清胃散主要治什么,是
请问桂圆怎么用,是
厚朴怎么用,是
果汁可以代替水果吗,否
桑叶有副作用吗,是
蒲公英是什么药,是
考驾照科二怎么过？,否
怎么瘦大腿,否
菟丝子泡水喝有什么好处,是
外卖超时怎么投诉！,否
茵陈蒿汤怎么用,是
签证怎么办理？,否
商标怎么注册？,否
请问，养猫好还是养狗好？,否
平胃散怎么用,是
想问下，成人高考有用吗，谢谢,否
耳鸣是什么原因,是
消食导滞用什么中药。,是
止嗽散怎么用,是
日系车和德系车哪个好。,否
结婚证丢了怎么补办？,否
请问，知乎怎么达到高赞？,否
水逆是什么！,否
请问，B站怎么投币。,否
心肾不交是什么意思,是
吃饭太快对身体有什么坏处,否
你好，请问，取快递要带什么？,否
防己黄芪汤怎么用,是
请问夏枯草的作用是什么,是
请问，降噪耳机推荐。,否
山药泡水喝有什么好处,是
单页应用是什么,否
请问，驾照到期怎么换证。,否
什么锅炒菜最健康,否
红花有什么功效,是
近视手术安全吗,否
枸杞的功效与作用,是
提高记忆力吃什么中药,是
请问，脚后跟疼是肾虚吗,是
请问，电动车续航冬天打几折,否
升降浮沉是什么意思,是
你好，请问，汽车打不着火怎么回事！,否
豆瓣评分最高的电影,否
Hi，肝火旺有什么症状,是
金银花和什么搭配效果好,是
咒术回战好看吗！,否
玉屏风散有什么功效,是
请问，文艺复兴是什么时候！,否
想问下，化痰止咳平喘药有哪些,是
你相信星座吗,否
肿瘤标志物升高就是癌吗,否
胃镜和肠镜能一起做吗,否
天冬的药用价值,是
你好，什么是灰度发布,否
连翘的作用是什么,是
能讲讲桂枝汤的用法吗,是
请问五味子怎么用,是
板蓝根是什么药,是
你好，请问，年检新规定是什么。,否
纪录片推荐！,否
请问苏合香丸的功效,是
拼多多和淘宝哪个好？,否
请问，特斯拉和比亚迪怎么选。,否
Hi，胃疼吃什么药，谢谢,是
求解答逍遥丸的功效,是
什么是卫气营血,是
吃饭太快对身体有什么坏处？,否
问一下金银花的功效,是
说说苏合香丸的功效,是
请问，什么是五险一金！,否
你好，请问，喜剧电影推荐？,否
中医怎么理解免疫力,是
炙甘草汤由哪些药组成,是
《本草经集注》是谁写的,是
请问续断的药用价值,是
想问下桂枝汤的用法是什么,是
怎么注销公司,否
六味地黄丸主要治什么,是
混动和纯电怎么选。,否
你好请问，帮我写一个排序算法,否
怎么考摩托车驾照,否
酒店怎么订最便宜？,否
请问，第一次世界大战的导火索？,否
Hi，生酮饮食安全吗,否
你好，痰湿体质的特征有哪些,是
请问，怎么起诉欠钱不还！,否
你好，请问，小规模纳税人税率多少！,否
中药配伍禁忌有哪些,是
你好，请问，退休年龄是多少？,否
你好，请问，纪录片推荐！,否
嘴唇发紫说明什么,是
请问，二手房过户流程。,否
厚朴的作用是什么,是
桂枝茯苓丸主要治什么,是
女贞子和什么搭配效果好,是
带孩子去哪旅游合适。,否
山茱萸泡水喝有什么好处,是
你好，请问，混动和纯电怎么选！,否
讲讲三七,是
《景岳全书》的主要内容,是
清热药分几种,是
想问下说说桑菊饮的适应症,是
你好，请问，元素周期表有多少个元素！,否
体寒怎么调理,是
想问下说说温经汤的主治,是
请问，咒术回战好看吗。,否
中医治疗感冒的思路,是
灵芝的功效与作用,是
你好，请问六味地黄丸由哪些药组成,是
怎么练翘臀不粗腿,否
请问，鹦鹉怎么教说话。,否
什么人不能吃续断,是
请问蒲公英泡水喝有什么好处,是
你好，请问，买房楼层怎么选？,否
为什么天空是蓝色的？,否
想问下白虎汤的组成是什么,是
生化汤怎么用,是
请问，退休年龄是多少！,否
求解答补中益气汤的功效,是
你好，请问，恐怖片推荐？,否
垃圾分类怎么分！,否
血瘀体质有什么表现,是
请问，垃圾分类怎么分,否
酸枣仁和什么搭配效果好,是
普通话考试怎么准备,否
介绍一下麻黄汤,是
介绍一下芡实,是
请问，行车记录仪推荐。,否
你好，月经有血块正常吗,是
什么是靶向治疗,否
请问讲讲鱼腥草,是
法令纹深代表什么,是
女贞子泡水喝有什么好处,是
请问旋覆代赭汤的功效,是
你好，请问，纪录片推荐？,否
速冻水饺什么牌子好吃,否
什么人不能吃蒲公英,是
想问下十全大补汤的成分是什么,是
吃辣的好处和坏处,否
蒲公英泡水喝有什么好处,是
请问决明子适合什么人吃,是
10万左右买什么车好。,否
血府逐瘀汤它的功效是啥,是
请问，什么是五险一金。,否
征信花了怎么修复！,否
手表电池怎么换,否
决明子有副作用吗,是
请问佩兰适合什么人吃,是
你好请问，回阳救逆用什么药,是
说说桂枝茯苓丸的用途,是
请问，今年有什么好看的国产剧。,否
你好，请问，怎么考摩托车驾照！,否
扁桃体反复发炎要不要切,否
请问，离婚财产怎么分割,否
求解答玉女煎的主治,是
你好，请问，奶茶推荐？,否
说说平胃散的功效,是
请问，快递丢了怎么赔偿？,否
10万左右买什么车好？,否
行车记录仪推荐？,否
你好，现在几点了,否
想问下，额头长痘代表什么,是
介绍一下蒲公英,是
问一下山茱萸的功效,是
请问温胆汤有什么主治,是
你好，请问，奶茶推荐,否
求解答白虎汤的组成,是
补中益气汤的功效是什么,是
高血压的标准是多少,否
什么是CAP定理,否
你好，清热解毒和清热凉血的区别,是
薏米的功效与作用,是
银翘散它的主治是啥,是
你好，请问，租房合同要注意什么。,否
退休年龄是多少。,否
你好，房贷提前还款划算吗,否
你好，请问，装修预算怎么分配。,否
请问，居住证怎么办？,否
讲讲夏枯草,是
请问，机械键盘轴体怎么选,否
贷款需要什么条件。,否
中气不足什么感觉,是
酸枣仁汤主要治什么,是
你好，请问，公积金怎么提取？,否
狂犬疫苗怎么打~,否
你好，请问，10万左右买什么车好,否
你好，请问，拼多多和淘宝哪个好。,否
请问，医保报销比例是多少。,否
薄荷和什么搭配效果好,是
细辛泡水喝有什么好处,是
专升本怎么报名,否
港澳通行证怎么办理。,否
想问下当归补血汤的配方是什么,是
求解答血府逐瘀汤的功效,是
请问问一下山楂的功效,是
佩兰的药用价值,是
说说酸枣仁汤的主治,是
你好，请问理中丸主要治什么,是
请问，兔子能当宠物吗,否
半夏泻心汤的组成是什么,是
何首乌适合什么人吃,是
光合作用的原理是什么,否
酸枣仁的药用价值,是
当归适合什么人吃,是
甘草适合什么人吃,是
肉桂有副作用吗,是
怎么在淘宝上开店,否
第一次约会去哪好,否
川芎的功效与作用,是
请问，二手车能不能买,否
运动前热身怎么做,否
分红和送股有什么区别,否
针灸能治什么病,是
想问下，烤箱有必要买吗？,否
毛坯房验房注意事项,否
讲讲薏米,是
悬疑剧推荐！,否
特斯拉和比亚迪怎么选！,否
桃仁的功效与作用,是
大黄有副作用吗,是
请问，iPad有必要买蜂窝版吗？,否
你好，请问，怎么判断是不是诈骗电话！,否
求解答旋覆代赭汤的功效,是
什么是胆固醇。,否
玉女煎的主治是什么,是
十全大补汤有什么成分,是
最低还款会影响征信吗,否
你好，请问，方便面哪个味道好吃？,否
面包怎么发酵！,否
车牌摇号条件,否
你好，请问，今年有什么好看的国产剧,否
你好，请问安宫牛黄丸怎么用,是
什么人不能吃甘草,是
第一次坐飞机要注意什么。,否
十全大补汤怎么用,是
请问，遗嘱怎么写才有效。,否
脾胃湿热怎么调理,是
请问，周末去哪里玩,否
菊花泡水喝有什么好处,是
去西藏会有高原反应吗！,否
止嗽散它的功效是啥,是
你好请问，咳嗽有什么偏方！,是
双十一什么时候开始！,否
决明子的作用是什么,是
请问桑菊饮的适应症,是
白术是什么药,是
石斛怎么用,是
温经散寒的中药,是
问一下玉竹的功效,是
什么人不能吃板蓝根,是
你好，请问，元素周期表有多少个元素,否
怎么写毕业论文,否
你好，请问，驾照到期怎么换证,否
B超能检查什么！,否
请问，京东白条怎么用！,否
胃经的药材有哪些！,是
能讲讲白虎汤的组成吗,是
温胆汤怎么用,是
你好，请问，B站怎么投币,否
融资融券是什么意思,否
想问下麻黄汤它的适应症是啥,是
麻黄适合什么人吃,是
茯苓泡水喝有什么好处,是
请问，电费多少钱一度,否
你好，请问，租房合同要注意什么？,否
专利申请流程,否
云闪付是什么。,否
容积率是什么意思。,否
杜仲的作用是什么,是
公交卡怎么充值？,否
什么是卫气营血？,是
你好，请问，失业金怎么领取,否
葛根和什么搭配效果好,是
请问，什么是相对论,否
Hi，养生先养心是什么意思,是
Switch和PS5买哪个,否
请问，工伤认定需要什么材料？,否
你好，请问，闲鱼上怎么卖东西！,否
讲讲细辛,是
想问下，《本草经集注》是谁写的,是
动画电影推荐？,否
怎么挑选新鲜的鱼,否
消息队列是什么,否
你好请问，卵巢囊肿中医能治吗,是
你好，请问，丝绸之路的起点和终点,否
Hi，你现在在做什么,否
生化汤的功效是什么,是
你好，请问，火影忍者值得看吗。,否
讲讲大黄,是
全麻和局麻有什么区别。,否
黄芩泡水喝有什么好处,是
你好，请问，方便面哪个味道好吃！,否
网上银行安全吗,否
咒术回战好看吗,否
请问，出生证明怎么办理？,否
火影忍者值得看吗。,否
社保断缴有什么影响,否
山药有什么功效,是
请问，怎么起诉欠钱不还,否
说说归脾汤的适应症,是
血府逐瘀汤主要治什么,是
怎么部署网站,否
请问，移动支付和现金哪个方便,否
灵芝适合什么人吃,是
请问，微博热搜怎么上？,否
你好，中秋送什么礼,否
介绍一下何首乌,是
问一下板蓝根的功效,是
什么人不能吃藏红花,是
你好，睡不着有什么办法。,是
请问，丝绸之路的起点和终点！,否
你好，请问，猫需要打什么疫苗。,否
想问下猪苓汤的主治是什么,是
你好，请问，电费多少钱一度。,否
介绍一下二陈汤,是
藿香正气散有什么用途,是
女贞子的作用是什么,是
请问，火影忍者值得看吗！,否
请问，最低还款会影响征信吗！,否
说说桑菊饮的适应症,是
在职研究生含金量,否
医保报销比例是多少。,否
性寒的药材不能长期吃吗,是
Nginx怎么配置,否
你好，请问，工伤认定需要什么材料,否
金银花的功效与作用,是
半夏泻心汤怎么用,是
函数式编程是什么？,否
无痛人流安全吗~,否
你好，请问，怎么注销公司,否
清胃散有什么功效,是
山茱萸怎么用,是
你好，请问，年终奖怎么扣税！,否
你好，请问保和丸由哪些药组成,是
你好，窗帘怎么洗不缩水,否
云南旅游攻略求推荐？,否
温胆汤的主治是什么,是
怕冷是阳虚还是气血不足？,是
请问，商标怎么注册,否
冬虫夏草适合什么人吃,是
驾照到期怎么换证。,否
介绍一下理中丸,是
你好，请问，转账转错了能追回吗？,否
出生证明怎么办理,否
年终奖怎么扣税！,否
不粘锅涂层安全吗！,否
勾股定理的证明方法,否
你好，B超能检查什么？,否
请问，买房楼层怎么选,否
Hi，五味入五脏是什么意思,是
进击的巨人讲了什么,否
山楂适合什么人吃,是
请问能讲讲保和丸的作用吗,是
儿童性早熟怎么判断,否
你好，早上好,否
沙参有什么功效,是
平胃散由哪些药组成,是
拼多多和淘宝哪个好。,否
公积金怎么提取。,否
你好，请问，小规模纳税人税率多少,否
请问，自驾游路线推荐,否
陈皮和什么搭配效果好,是
什么人不能吃麦冬,是
你好，断食对身体有什么影响？,否
明朝灭亡的原因是什么,否
Go语言适合做什么,否
求解答生化汤的功效,是
请问，微博热搜怎么上。,否
肉苁蓉是什么药,是
你好，请问，著作权怎么保护。,否
山药有副作用吗,是
鹿茸有副作用吗,是
什么电视剧最近比较火。,否
体检报告怎么看。,否
什么是胆固醇,否
请问，酒店怎么订最便宜。,否
说说六味地黄丸的功效,是
数据库索引的原理,否
你好，请问，如何注册商标！,否
茯苓有什么功效,是
风热感冒怎么判断,是
请问，火车票退票手续费。,否
Hi，有什么好听的民谣推荐,否
云闪付是什么,否
遗嘱怎么写才有效。,否
丁香柿蒂汤主要治什么,是
《太平惠民和剂局方》是什么,是
想问下六味地黄丸的功效是什么,是
你好，请问当归补血汤有什么配方,是
为什么天空是蓝色的。,否
Hi，痛风除了西药中药怎么调理,是
剩菜怎么保存最安全,否
黄芪怎么用,是
你好，请问，龙猫好养吗？,否
机油多久换一次！,否
请问，显示器和电视当显示器哪个好！,否
你好，请问，取快递要带什么。,否
请问温胆汤的主治,是
你好，请问，公交卡怎么充值？,否
板蓝根泡水喝有什么好处,是
你好，请问，一拳超人第三季什么时候出！,否
介绍一下五味子,是
讲讲黄精,是
介绍一下防己黄芪汤,是
灵芝怎么用,是
慢性肾炎中医治疗效果好吗？,是
猪苓汤由哪些药组成,是
你好，请问，机械键盘轴体怎么选,否
你好，请问，机械键盘轴体怎么选。,否
川贝母的作用是什么,是
狗狗拉稀吃什么药,否
请问，鬼灭之刃讲了什么,否
失业金怎么领取！,否
你会下围棋吗,否
改革开放是哪一年开始的,否
做手术前后能吃中药吗,是
讲讲柴胡,是
介绍一下附子,是
你好，请问，海贼王完结了吗,否
保和丸怎么用,是
细辛适合什么人吃,是
请问连翘有副作用吗,是
请问，装修预算怎么分配？,否
耳鸣是什么原因。,是
附子的药用价值,是
想问下止嗽散的功效是什么,是
柴胡的功效与作用,是
百合的功效与作用,是
意外险有必要买吗,否
介绍一下百合,是
想问下，俯卧撑每天做多少有效~,否
防诈骗口诀是什么？,否
麦冬的作用是什么,是
想问下，理气药有什么作用,是
你好，请问，纪录片推荐,否
化痰止咳平喘药有哪些,是
请问，移动支付和现金哪个方便！,否
短信验证码泄露了怎么办,否
你好，请问，三国时期有哪些著名战役？,否
请问，最低还款会影响征信吗。,否
请问，自驾游路线推荐。,否
你好，请问，航班延误怎么索赔！,否
物业费包含什么！,否
请问，什么是相对论？,否
抖音怎么涨粉,否
你好，滑板怎么学,否
想问下，剩菜怎么保存最安全！,否
数字人民币怎么用,否
请问薏米怎么用,是
数据库分库分表怎么做？,否
最近有什么好看的电影吗？,否
你好，请问，猫咪掉毛怎么办？,否
B站怎么投币！,否
红枣的药用价值,是
短信验证码泄露了怎么办。,否
马桶堵了怎么办,否
公积金贷款能贷多少,否
肿瘤筛查有必要吗。,否
你好，感冒吃什么中药,是
请问沙参有副作用吗,是
你好，请问，二手房过户流程？,否
肉桂的作用是什么,是
玉女煎由哪些药组成,是
你好请问，气滞血瘀是什么表现,是
请问血府逐瘀汤的功效,是
你好，请问，机械键盘轴体怎么选！,否
山茱萸的作用是什么,是
你好，请问，怎么在淘宝上开店？,否
上火了怎么办,是
骨髓移植能治什么病,否
银翘散的主治是什么,是
体检前为什么要空腹,否
怎么谈薪资,否
公积金贷款能贷多少？,否
你好，请问，居住证怎么办,否
熟地黄是什么药,是
全麦面包真的更健康吗,否
你好，请问，WiFi6和WiFi5区别大吗,否
什么人不能吃夏枯草,是
讲讲白芍,是
夏枯草适合什么人吃,是
请问，清朝闭关锁国的影响？,否
请问，闲鱼上怎么卖东西！,否
藿香正气散怎么用,是
公司注册流程是什么。,否
你好，请问，元素周期表有多少个元素。,否
贷款需要什么条件！,否
介绍一下川贝母,是
讲讲女贞子,是
请问，工伤认定需要什么材料,否
请问金银花有什么功效,是
想问下，湿气重怎么自我判断,是
介绍一下天麻,是
你好，请问，ETC怎么办理。,否
买房楼层怎么选！,否
机械键盘轴体怎么选,否
平胃散的功效是什么,是
黄芩的作用是什么,是
请问，居住证怎么办。,否
讲讲山药,是
你好，请问，微博热搜怎么上。,否
桂枝茯苓丸怎么用,是
鹿茸怎么用,是
国家开放大学靠谱吗,否
你好请问，讲个故事给我听,否
你能做什么~,否
什么是透析,否
定喘汤有什么组成,是
苓桂术甘汤它的功效是啥,是
泻下药分几类,是
Hi，手指月牙少说明什么,是
凉血止血吃什么药,是
越野跑和路跑的区别,否
你好，请问，唐朝为什么被称为盛世！,否
租房合同要注意什么,否
请问，知乎怎么达到高赞！,否
兔子能当宠物吗。,否
桂枝茯苓丸它的用途是啥,是
请问讲讲甘草,是
请问，鹦鹉怎么教说话,否
请问求解答肾气丸的功效,是
请问，小规模纳税人税率多少。,否
四君子汤由哪些药组成,是
中国男足还有希望吗,否
请问，花呗额度怎么提升,否
请问，什么食物可以美白皮肤,否
请问，今年有什么好看的国产剧！,否
麻黄有什么功效,是
请问，取快递要带什么？,否
讲讲冬虫夏草,是
能讲讲柴胡疏肝散的主治吗,是
想问下，焦虑症中医有什么办法！,是
桑叶泡水喝有什么好处,是
请问，二手车能不能买！,否
请问，贷款需要什么条件！,否
请问生脉散的作用,是
海贼王完结了吗,否
甘草的药用价值,是
Hi，什么运动方式最减肥,否
请问，护照过期了怎么换？,否
你好，请问，太阳系有几大行星。,否
你好，请问，火车票退票手续费？,否
石斛的药用价值,是
你好，请问，行车记录仪推荐！,否
基础代谢率是什么,否
你好，请问，知乎怎么达到高赞。,否
不粘锅涂层安全吗,否
美股怎么开户,否
你好，请问，手机电池不耐用怎么办,否
你好，请问，小规模纳税人税率多少。,否
早上空腹喝水好吗,否
你好，请问，二战转折点是什么战役,否
最近怎么样,否
分期付款有利息吗。,否
夏枯草的药用价值,是
羽绒服怎么洗不结块,否
你好请问，量化交易怎么入门,否
请问，银行卡被吞了怎么办。,否
分期付款有利息吗,否
轮胎多久换一次。,否
天冬和什么搭配效果好,是
你好，请问，酒店怎么订最便宜！,否
蜜月旅行推荐,否
怎么起诉欠钱不还。,否
你好，请问，美剧入坑推荐！,否
仓鼠怎么养？,否
鲫鱼豆腐汤怎么做,否
说说川芎茶调散的主治,是
导赤散的功效是什么,是
明天星期几。,否
丹参泡水喝有什么好处,是
微服务和单体架构区别,否
意面怎么做简单好吃！,否
请问，年终奖怎么扣税？,否
请问，征信花了怎么修复？,否
定喘汤它的组成是啥,是
桂圆是什么药,是
茵陈蒿汤它的作用是啥,是
请问厚朴和什么搭配效果好,是
小户型怎么装修显大！,否
请问讲讲鹿茸,是
护照过期了怎么换,否
你好，请问，分期付款有利息吗？,否
桂枝汤的用法是什么,是
请问，iPhone和安卓怎么选。,否
天麻泡水喝有什么好处,是
说说麦门冬汤的作用,是
请问，怎么考摩托车驾照？,否
请问，签证怎么办理。,否
你好，请问，怎么抢到演唱会的票？,否
你好，请问，容积率是什么意思。,否
归脾汤怎么用,是
请问人参有副作用吗,是
请问，DNA双螺旋结构谁发现的？,否
请问，网上银行安全吗？,否
肉苁蓉适合什么人吃,是
能讲讲防己黄芪汤的功效吗,是
请问，二战转折点是什么战役！,否
冰箱冷藏和冷冻温度设多少,否
请问，狗狗绝育的好处和坏处,否
祛湿用什么中药好！,是
你好，下巴长痘是内分泌问题吗,是
想出去跑步,否
益母草适合什么人吃,是
你好，请问，猫需要打什么疫苗,否
肾气丸由哪些药组成,是
宫崎骏最经典的电影？,否
心经的中药有什么,是
电费多少钱一度！,否
美剧入坑推荐？,否
什么是微服务架构,否
柴胡和什么搭配效果好,是
你好，请问，车牌摇号条件,否
转账转错了能追回吗。,否
问一下连翘的功效,是
什么植物适合室内养,否
你好，《黄帝内经》主要讲了什么,是
真武汤由哪些药组成,是
求解答定喘汤的组成,是
Redis有什么用,否
你好，请问，下午茶哪里好。,否
五味子泡水喝有什么好处,是
想问下血府逐瘀汤的功效是什么,是
五苓散由哪些药组成,是
黄芩的功效与作用,是
气滞血瘀是什么表现,是
白芍的药用价值,是
你好，请问，B站怎么投币？,否
iPad有必要买蜂窝版吗,否
请问真武汤的组成,是
工伤认定需要什么材料。,否
请问归脾汤的适应症,是
苦味药有什么功效,是
桃仁有副作用吗,是
什么是经络。,是
什么是敏捷开发,否
藏红花是什么药,是
百合的药用价值,是
请问，容积率是什么意思,否
决明子怎么用,是
能讲讲半夏泻心汤的组成吗,是
佩兰怎么用,是
想问下越鞠丸主要治什么,是
咸味药的作用是什么,是
请问，中医说的气血是什么关系,是
你好，请问，买房楼层怎么选。,否
请问川贝母是什么药,是
猫需要打什么疫苗！,否
你好，请问，抖音怎么涨粉？,否
进击的巨人讲了什么！,否
甘草有副作用吗,是
你好，请问，遗嘱怎么写才有效？,否
归脾汤的适应症是什么,是
上火有哪些类型,是
《肘后备急方》有什么贡献。,是
四逆散主要治什么,是
运动前该不该吃东西,否
请问求解答桂枝茯苓丸的用途,是
你好，素食主义真的健康吗,否
请问，爬泰山需要准备什么？,否
山药的功效与作用,是
明朝灭亡的原因是什么？,否
产后修复需要做哪些项目，谢谢,否
你好，请问，狗狗拉稀吃什么药！,否
介绍一下天王补心丹,是
什么人不能吃葛根,是
猫需要打什么疫苗,否
理中丸怎么用,是
电动车续航冬天打几折？,否
第一次坐飞机要注意什么？,否
你好，请问，失业金怎么领取！,否
请问，什么星座最配。,否
请问，韩剧推荐！,否
请问介绍一下菊花,是
请问，养猫好还是养狗好。,否
请问，10万左右买什么车好！,否
请问，春季养生要注意什么,是
枸杞泡水喝有什么好处,是
请问，成都重庆哪个更好玩。,否
益母草的药用价值,是
请问，SUV和轿车哪个更实用,否
旋覆代赭汤主要治什么,是
微信支付限额多少！,否
冰箱除霜小妙招,否
介绍一下安宫牛黄丸,是
苓桂术甘汤怎么用,是
请问桃仁的功效与作用,是
讲讲佩兰,是
你好，请问，咒术回战好看吗？,否
养胃吃什么,是
你好，请问麦门冬汤它的作用是啥,是
你好，请问，西安兵马俑值得看吗。,否
实木地板怎么保养,否
你好，请问，特斯拉和比亚迪怎么选,否
请问，专利申请流程。,否
你好请问，补阳药有哪些,是
想问下实脾散的适应症是什么,是
想问下苏合香丸怎么用,是
iPad有必要买蜂窝版吗？,否
黄精的作用是什么,是
你好，请问，公摊面积怎么算。,否
今天天气真不错。,否
你好，请问，机械键盘轴体怎么选？,否
菊花的药用价值,是
下巴长痘是内分泌问题吗,是
什么人不能吃阿胶,是
问一下夏枯草的功效,是
请问玉屏风散的功效,是
什么是灰度发布,否
试用期交社保吗,否
请问，去西藏会有高原反应吗！,否
你好，请问，最低还款会影响征信吗！,否
平板支撑每天做多久,否
专利申请流程。,否
求解答泻白散的适应症,是
丹参的功效与作用,是
请问，火车票退票手续费,否
你好，请问，SUV和轿车哪个更实用,否
器官移植需要什么条件,否
请问，年检新规定是什么。,否
取快递要带什么,否
请问黄芪适合什么人吃,是
公摊面积怎么算。,否
京东白条怎么用,否
增肌期要怎么吃,否
请问，可以反复看的电影。,否
请问，银行卡被吞了怎么办？,否
菟丝子是什么药,是
菊花和什么搭配效果好,是
你好，请问，黑洞是怎么形成的。,否
请问，甲亢中医怎么治疗,是
夏枯草泡水喝有什么好处,是
你好，请问，居住证怎么办！,否
鹿茸的药用价值,是
五味入五脏是什么意思,是
请问，iPad有必要买蜂窝版吗！,否
你好，请问，火车票退票手续费！,否
什么人不能吃熟地黄,是
桑菊饮有什么适应症,是
怕冷是阳虚还是气血不足,是
你好，请问，降噪耳机推荐。,否
无聊中聊聊天,否
指甲有竖纹是什么信号,是
说说桂枝汤的用法,是
请问，附近有什么好吃的,否
身份证过期了怎么换？,否
你好，阴虚和阳虚的区别是什么。,是
请问，怎么起诉欠钱不还。,否
大黄泡水喝有什么好处,是
痛风发作有什么症状,是
花洒水压小怎么办,否
冬虫夏草和什么搭配效果好,是
大承气汤它的作用是啥,是
熟地黄适合什么人吃,是
想问下玉女煎的主治是什么,是
问一下红枣的功效,是
你好，请问，短信验证码泄露了怎么办？,否
请问五味子的药用价值,是
你好，学钢琴影响学习吗,否
黄连怎么用,是
红枣的功效与作用,是
你好，请问，一拳超人第三季什么时候出,否
请问，清朝闭关锁国的影响。,否
显示器和电视当显示器哪个好。,否
请问，签证怎么办理！,否
五味子的作用是什么,是
你好，请问，借呗和花呗有什么区别？,否
淫羊藿的功效与作用,是
什么是五险一金。,否
Hi，JSON和XML的区别,否
川芎的作用是什么,是
红枣适合什么人吃,是
请问，什么是面向对象编程,否
今年有什么好看的国产剧！,否
什么人不能吃连翘,是
你好，请问，海贼王完结了吗！,否
猫咪掉毛怎么办。,否
花呗额度怎么提升？,否
你好请问，美白去湿气,是
说说丁香柿蒂汤的作用,是
风热感冒怎么判断~,是
你好，请问，下午茶哪里好,否
请问，仓鼠怎么养？,否
什么人不能吃麻黄,是
你好，请问，信号不好怎么解决,否
工伤认定需要什么材料？,否
足三里怎么找,是
怎么抢到演唱会的票？,否
什么是相对论？,否
征信花了怎么修复。,否
连翘怎么用,是
居住证怎么办。,否
请问，猫咪掉毛怎么办！,否
你好，请问，电费多少钱一度？,否
越鞠丸怎么用,是
你好，请问，签证怎么办理,否
牛奶每天喝多少合适,否
怎么抢到演唱会的票。,否
陈皮泡水喝有什么好处,是
你好，请问，蜜月旅行推荐。,否
请问，乌龟怎么养才不臭,否
降噪耳机推荐？,否
请问，遗嘱怎么写才有效？,否
改革开放是哪一年开始的。,否
你好，请问介绍一下真武汤,是
自动挡和手动挡哪个省油,否
小规模纳税人税率多少？,否
请问，三国时期有哪些著名战役。,否
白术的作用是什么,是
求解答四君子汤的组成,是
今天吃什么。,否
乌发中药推荐,是
请问板蓝根的药用价值,是
大承气汤由哪些药组成,是
你好，请问，怎么抢到演唱会的票。,否
想问下酸枣仁汤的主治是什么,是
请问，自驾游路线推荐？,否
请问附子的作用是什么,是
自驾游路线推荐。,否
容易感冒是什么虚,是
你好，请问，为什么天空是蓝色的！,否
你好，请问，宫崎骏最经典的电影？,否
什么是涌吐药~,是
转基因食品能吃吗,否
请问，退休年龄是多少,否
半夏厚朴汤的适应症是什么,是
附子有副作用吗,是
请问，猫咪掉毛怎么办？,否
请问，云南旅游攻略求推荐,否
你好，吃粗粮好还是细粮好,否
什么是宽基指数,否
便秘吃什么通便,是
桂圆的作用是什么,是
黄芪有什么功效,是
想问下，风湿的症状表现,是
脸颊长痘是哪里上火。,是
银翘散有什么主治,是
介绍一下四君子汤,是
菊花怎么用,是
藏红花有什么功效,是
人参的作用是什么,是
你好，冬季怎么补肾,是
离婚财产怎么分割,否
肉桂有什么功效,是
秦始皇统一六国的顺序,否
无聊中聊聊天？,否
怎么抢到演唱会的票！,否
你好，请问，零食推荐,否
你好，请问，车窗贴膜什么牌子好？,否
请问什么人不能吃黄连,是
你好，请问，第一次坐飞机要注意什么,否
你好，请问，银行卡被吞了怎么办？,否
平肝息风药有哪些,是
当归有什么功效,是
想问下温胆汤的主治是什么,是
实脾散有什么适应症,是
手机电池不耐用怎么办,否
陈皮有什么功效,是
Hi，CPA考试怎么准备,否
想问下介绍一下川芎茶调散,是
请问熟地黄有副作用吗,是
佩兰有什么功效,是
介绍一下苍术,是
银翘散怎么用,是
请问二陈汤的组成,是
酸枣仁有什么功效,是
你好，请问，去西藏会有高原反应吗！,否
想问下，头发油得快是湿气重吗~,是
四君子汤怎么用,是
你好，请问，白羊座性格特点！,否
你好，请问，房贷审批要多久！,否
二陈汤由哪些药组成,是
请问，平板支撑每天做多久。,否
夏枯草有副作用吗,是
能讲讲止嗽散的功效吗,是
请问，怎么考摩托车驾照。,否
请问，成都重庆哪个更好玩？,否
请问说说川芎茶调散的主治,是
第一次坐飞机要注意什么！,否
轮胎多久换一次,否
柴胡疏肝散主要治什么,是
请问，云闪付是什么！,否
能讲讲补中益气汤的功效吗,是
你好，请问，WiFi6和WiFi5区别大吗！,否
肉苁蓉有副作用吗,是
说说止嗽散的功效,是
什么是安神药？,是
请问，速冻水饺什么牌子好吃,否
什么是设计模式,否
外面打雷了？,否
薏米和什么搭配效果好,是
止血药怎么分类,是
借呗和花呗有什么区别？,否
行车记录仪推荐,否
请问，手机电池不耐用怎么办？,否
鹿茸泡水喝有什么好处,是
生化汤主要治什么,是
去西藏会有高原反应吗,否
山茱萸的药用价值,是
什么是脏读幻读,否
你好，请问，光合作用的原理是什么！,否
理中丸它的用途是啥,是
请问，怎么瘦大腿~,否
带孩子去哪旅游合适？,否
什么人不能吃附子,是
鹿茸适合什么人吃,是
你好，请问，云南旅游攻略求推荐？,否
想问下参苓白术散怎么用,是
说说参苓白术散的适应症,是
请问，微信支付限额多少,否
数字人民币怎么用！,否
Hi，全麦面包真的更健康吗,否
想问下，中秋送什么礼,否
一拳超人第三季什么时候出？,否
桂圆的功效与作用,是
今天心情不太好,否
信号不好怎么解决,否
请问白术适合什么人吃,是
鱼腥草适合什么人吃,是
说说藿香正气散的用途,是
你好，请问，什么星座最配。,否
请问，学吉他好还是钢琴，谢谢,否
八珍汤它的适用人群是啥,是
保和丸的作用是什么,是
你好，请问，豆瓣评分最高的电影。,否
爬泰山需要准备什么！,否
附子的功效与作用,是
丝绸之路的起点和终点！,否
请问，著作权怎么保护！,否
请问，港澳通行证怎么办理。,否
阿胶有副作用吗,是
你好，请问，云南旅游攻略求推荐！,否
甘草是什么药,是
想问下，冰箱除霜小妙招,否
你好，请问，公积金怎么提取！,否
介绍一下四逆散,是
过年吃什么。,否
介绍一下苏子降气汤,是
Hi，分红除权后还划算吗,否
你好，请问，车牌摇号条件！,否
iPhone和安卓怎么选？,否
请问，汽车打不着火怎么回事？,否
藏红花的药用价值,是
ETF和普通基金有什么区别,否
说说血府逐瘀汤的功效,是
垃圾分类怎么分？,否
请问，美剧入坑推荐。,否
中药和西药要间隔多久,是
狗狗拉稀吃什么药？,否
你好，请问，水逆是什么！,否
你好，请问，怎么起诉欠钱不还,否
请问麻黄汤主要治什么,是
你好请问，什么体质不能吃人参,是
知乎怎么达到高赞？,否
数据线容易坏怎么办，谢谢,否
什么人不能吃五味子,是
请问，房贷审批要多久,否
请问，外卖推荐！,否
鬼灭之刃讲了什么,否
白芍适合什么人吃,是
退休年龄是多少？,否
你好，请问，商标怎么注册！,否
防己黄芪汤主要治什么,是
想问下，风热感冒怎么判断,是
小孩不爱吃饭是脾胃不好吗，谢谢,是
请问，地球的年龄是多少？,否
中医能治好过敏性鼻炎吗,是
怎么健康地增重,否
你好，请问，年检新规定是什么？,否
你好，请问，文艺复兴是什么时候。,否
请问石斛的功效与作用,是
红枣和什么搭配效果好,是
你好，请问，房贷审批要多久？,否
你好，请问，自驾游路线推荐,否
想问下，晚饭不吃能减肥吗,否
三七有副作用吗,是
苍术有什么功效,是
肝火旺有什么症状！,是
内分泌失调中医怎么调理~,是
特斯拉和比亚迪怎么选？,否
请问，哪家火锅好吃！,否
二陈汤的组成是什么,是
日系车和德系车哪个好！,否
请问，仓鼠怎么养,否
请问，双十一什么时候开始！,否
你好请问，维生素D怎么补充,否
外卖推荐！,否
眼镜片花了怎么修复,否
求解答保和丸的作用,是
二手房过户流程！,否
什么是经络~,是
肉苁蓉有什么功效,是
女贞子的药用价值,是
什么是相对论！,否
请问，秦始皇统一六国的顺序？,否
请问，湿气重怎么自我判断,是
请问，帮我打发一下时间,否
请问，结婚证丢了怎么补办,否
你好，请问，iPad有必要买蜂窝版吗！,否
你好，请问，咒术回战好看吗！,否
什么人不能吃红花,是
鱼腥草有副作用吗,是
请问，《傅青主女科》讲什么,是
支付宝被盗刷了怎么办！,否
韩剧推荐,否
肉苁蓉的作用是什么,是
公积金贷款能贷多少！,否
能讲讲旋覆代赭汤的功效吗,是
请问，行车记录仪推荐,否
麦门冬汤它的作用是啥,是
毛坯房验房注意事项？,否
请问，什么是WebSocket,否
房贷审批要多久,否
请问，怎么投诉快递,否
怎么预防孩子近视。,否
芡实的作用是什么,是
寒凉药和温热药怎么区分,是
什么人不能吃菟丝子,是
你好，请问，鹦鹉怎么教说话？,否
你好，请问，小红书怎么涨粉,否
说说生化汤的功效,是
八珍汤的适用人群是什么,是
黑洞是怎么形成的,否
想问下，什么是通货膨胀,否
你好，请问，移动支付和现金哪个方便。,否
抖音怎么涨粉。,否
硬拉的正确姿势,否
说说生脉散的作用,是
双十一什么时候开始？,否
真武汤它的作用是啥,是
JSON和XML的区别,否
请问，什么是五险一金？,否
你好，请问，SUV和轿车哪个更实用！,否
真武汤主要治什么,是
红花的功效与作用,是
地板划痕怎么修复？,否
桑菊饮由哪些药组成,是
苍术适合什么人吃,是
你好，请问，火车票退票手续费,否
麻黄是什么药,是
空气炸锅推荐？,否
干姜泡水喝有什么好处,是
请问，快递丢了怎么赔偿。,否
什么是五险一金,否
想问下，化痰止咳吃什么中药,是
介绍一下菟丝子,是
疏肝理气的药材推荐,是
想问下，想跟你聊会天,否
阿胶的作用是什么,是
请问，第一次坐飞机要注意什么。,否
三七和什么搭配效果好,是
年检新规定是什么？,否
夏枯草的功效与作用,是
你好，请问，行车记录仪推荐？,否
请问实脾散的适应症,是
车辆保险怎么选！,否
请问，转账转错了能追回吗！,否
请问什么人不能吃山楂,是
安神助眠的药材有哪些,是
今天好冷,否
人参怎么用,是
请问，太阳系有几大行星？,否
杜仲是什么药,是
你好，请问，微信支付限额多少。,否
请问，一拳超人第三季什么时候出？,否
佩兰有副作用吗,是
你好请问，西医诊断慢性胃炎中医怎么调理,是
二陈汤主要治什么,是
请问泻白散的适应症,是
辛味药的特点~,是
你好，请问，机油多久换一次,否
你好，请问，转账转错了能追回吗,否
你好，请问，快递丢了怎么赔偿？,否
请问，小红书怎么涨粉。,否
《神农本草经》的上中下三品是什么，谢谢,是
四君子汤主要治什么,是
桑叶怎么用,是
夜间盗汗是怎么回事,是
你好，请问，光合作用的原理是什么。,否
感冒吃什么中药,是
吃粗粮好还是细粮好,否
红花是什么药,是
中医食疗原则是什么,是
你好，请问，微博热搜怎么上,否
破壁机和豆浆机哪个好,否
请问，奶茶推荐。,否
你好，吃了吗,否
茵陈蒿汤主要治什么,是
讲讲茯苓,是
Hi，《黄帝内经》主要讲了什么。,是
涩精止遗的中药有哪些,是
你好，请问，年终奖怎么扣税？,否
你好，请问，韩剧推荐！,否
你好，请问，第一次坐飞机要注意什么！,否
你好，请问，哪家火锅好吃。,否
你好，请问，明朝灭亡的原因是什么,否
请问，签证怎么办理,否
去西藏会有高原反应吗。,否
茯苓怎么用,是
二战转折点是什么战役,否
养颜美容中药,是
白羊座性格特点！,否
想问下，花洒水压小怎么办,否
介绍一下麦门冬汤,是
板蓝根的作用是什么,是
什么是卫气营血~,是
你好，请问，商标怎么注册？,否
什么是解表药,是
问一下菊花的功效,是
附近有什么好吃的。,否
想问下理中丸的用途是什么,是
请问，兔子能当宠物吗。,否
怎么考摩托车驾照。,否
你好，请问，鬼灭之刃讲了什么,否
你好，请问，海贼王完结了吗。,否
英语四六级怎么过！,否
请问，小户型怎么装修显大,否
你好请问，消息队列是什么,否
《新修本草》是什么朝代的,是
说说温胆汤的主治,是
MBA值得读吗？,否
你好，请问，装修预算怎么分配！,否
什么人不能吃枸杞,是
贷款需要什么条件？,否
丝绸之路的起点和终点,否
你好，请问，合同违约怎么赔偿！,否
请问，抖音怎么涨粉！,否
利尿通淋的药材,是
脾虚的人会有什么表现，谢谢,是
你好，请问，公司注册流程是什么！,否
讲讲枸杞,是
什么人不能吃杜仲,是
白虎汤它的组成是啥,是
肺经的引经药有哪些,是
阿胶的药用价值,是
麦门冬汤主要治什么,是
川贝母怎么用,是
猪苓汤的主治是什么,是
健脾养胃的中药有哪些，谢谢,是
口干口苦是什么原因，谢谢,是
请问，花呗额度怎么提升。,否
你好，请问，外卖推荐。,否
板蓝根和什么搭配效果好,是
你好，请问，出生证明怎么办理。,否
请问，退休年龄是多少。,否
莲子怎么用,是
皮肤干燥起皮是什么虚,是
请问，公交卡怎么充值！,否
介绍一下肉桂,是
你好，请问，防诈骗口诀是什么？,否
请问，放假去哪里旅游好,否
川芎适合什么人吃,是
想问下玉屏风散有什么功效,是
介绍一下细辛,是
京东白条怎么用。,否
抑郁症中医怎么看待和治疗？,是
请问，毛坯房验房注意事项。,否
介绍一下熟地黄,是
请问，怎么买基金,否
问一下酸枣仁的功效,是
二手房过户流程？,否
请问保和丸有什么作用,是
五味入五脏是什么意思。,是
想问下，容易感冒是什么虚。,是
请问，抖音怎么涨粉,否
肾气丸它的功效是啥,是
《汤头歌诀》是什么书，谢谢,是
请问，航班延误怎么索赔？,否
请问能讲讲苏子降气汤的功效吗,是
请问问一下厚朴的功效,是
玉竹的药用价值,是
阿莫西林是抗生素吗,否
地球的年龄是多少。,否
合同违约怎么赔偿？,否
你好，请问，数字人民币怎么用？,否
丁香柿蒂汤有什么作用,是
你好，请问，社保卡丢了怎么补办,否
请问桂枝汤主要治什么,是
请问，怎么投诉快递。,否
玉屏风散它的功效是啥,是
想问下参苓白术散它的适应症是啥,是
请问，征信花了怎么修复,否
请问，甲状腺结节中医怎么调理,是
你好，请问，京东白条怎么用。,否
你好，请问，文艺复兴是什么时候！,否
请问什么人不能吃川芎,是
请问什么人不能吃连翘,是
茵陈蒿汤有什么作用,是
Nginx怎么配置~,否
勾股定理的证明方法？,否
求解答小柴胡汤的作用,是
消食导滞用什么中药~,是
细辛的药用价值,是
想问下，针灸能治什么病，谢谢,是
请问什么人不能吃红花,是
请问天冬的药用价值,是
丹参的作用是什么,是
《药性赋》的主要内容,是
618和双十一哪个更划算。,否
你好，请问能讲讲六味地黄丸的功效吗,是
我饿了,否
你好请问，车险怎么买最划算,否
请问，微博热搜怎么上！,否
请问，韩剧推荐？,否
想问下温经汤的主治是什么,是
你好，请问，什么是相对论。,否
请问，豆瓣评分最高的电影,否
成人英语怎么学,否
你好，请问，怎么投诉快递,否
茵陈蒿汤的作用是什么,是
请问麦冬怎么用,是
请问，公众号怎么注册？,否
自驾游路线推荐,否
可以反复看的电影？,否
利尿通淋的药材！,是
桃仁有什么功效,是
请问，乙肝病毒携带者中医怎么调理,是
薄荷的药用价值,是
中药的四气五味是什么,是
你好请问，Switch和PS5买哪个,否
你好，请问，狗狗拉稀吃什么药？,否
四逆散有什么功效,是
请问，移动支付和现金哪个方便？,否
菊花有什么功效,是
请问半夏泻心汤的组成,是
请问，京东白条怎么用,否
讲讲菟丝子,是
糖醋排骨的做法！,否
请问，豆瓣评分最高的电影？,否
补中益气汤由哪些药组成,是
自动挡和手动挡哪个省油。,否
鱼腥草的功效与作用,是
居住证怎么办,否
讲讲厚朴,是
想问下能讲讲平胃散的功效吗,是
续断的作用是什么,是
你好，请问，水逆是什么。,否
温胆汤有什么主治,是
什么是ORM,否
你好，请问，微博热搜怎么上！,否
说说四君子汤的组成,是
速冻水饺什么牌子好吃！,否
什么人不能吃白芍,是
介绍一下鹿茸,是
你好，请问，如何注册商标。,否
请问，车窗贴膜什么牌子好！,否
请问，风热感冒怎么判断,是
酸枣仁怎么用,是
你好，请问，个体户怎么报税。,否
请问，电动车续航冬天打几折。,否
春节怎么过,否
厚朴的功效与作用,是
请问五味子的作用是什么,是
问一下肉桂的功效,是
补中益气汤有什么功效,是
补气血吃什么好,是
你好，请问，自动挡和手动挡哪个省油。,否
百合的作用是什么,是
请问，正当防卫的界限是什么！,否
请问附子有副作用吗,是
窦性心律不齐严重吗，谢谢,否
大黄是什么药,是
你好，请问，自驾游路线推荐。,否
你好，请问，美剧入坑推荐？,否
机械键盘轴体怎么选！,否
问一下蒲公英的功效,是
你会做什么菜,否
续断的药用价值,是
你好，请问四君子汤怎么用,是
刮痧的好处和注意事项！,是
益母草和什么搭配效果好,是
什么人不能吃山茱萸,是
桃仁的作用是什么,是
请问，机油多久换一次。,否
自动挡和手动挡哪个省油！,否
补中益气汤它的功效是啥,是
介绍一下大黄,是
请问，短信验证码泄露了怎么办？,否
问一下五味子的功效,是
人参是什么药,是
你好请问，推拿能治颈椎病吗,是
请问，全身体检包含哪些项目,否
说说二陈汤的组成,是
柴胡泡水喝有什么好处,是
桑叶适合什么人吃,是
苍术的作用是什么,是
请问，喜剧电影推荐。,否
银行卡被吞了怎么办！,否
当归怎么用,是
五苓散的作用是什么,是
你好，请问，韩剧推荐？,否
问一下天冬的功效,是
什么人不能吃佩兰,是
五苓散怎么用,是
北交所是什么,否
你好请问，同病异治是什么意思,是
介绍一下肉苁蓉,是
请问，桂林山水几月份去最好,否
二陈汤怎么用,是
你好，请问，出生证明怎么办理？,否
大黄适合什么人吃,是
葛根有副作用吗,是
求解答生脉散的作用,是
你好，请问，网上银行安全吗？,否
津液是什么,是
请问理中丸怎么用,是
鱼腥草怎么用,是
请问半夏泻心汤怎么用,是
半夏泻心汤由哪些药组成,是
酒店怎么订最便宜。,否
请问，降噪耳机推荐？,否
请问，公摊面积怎么算,否
请问，兔子能当宠物吗！,否
山楂怎么用,是
请问，WiFi6和WiFi5区别大吗？,否
小儿夜啼是什么原因,是
想问下，祛风除湿的药材,是
行车记录仪推荐。,否
玉竹的功效与作用,是
请问，苹果手表值得买吗。,否
请问，一拳超人第三季什么时候出,否
请问，奶茶推荐？,否
云计算是什么意思。,否
黄芩和什么搭配效果好,是
薏米是什么药,是
请问，网上银行安全吗。,否
天冬怎么用,是
后背长痘是湿气重吗,是
抑郁症中医怎么看待和治疗,是
什么人不能吃淫羊藿,是
你好，请问，西安兵马俑值得看吗？,否
Hi，你家在哪里,否
乌龟怎么养才不臭？,否
何首乌的药用价值,是
天冬适合什么人吃,是
请问问一下桃仁的功效,是
请问酸枣仁是什么药,是
你好，请问，支付宝被盗刷了怎么办？,否
今年有什么好看的国产剧,否
结婚证丢了怎么补办。,否
iPhone和安卓怎么选。,否
你好，请问，一拳超人第三季什么时候出。,否
讲讲白术,是
请问，失业金怎么领取？,否
介绍一下茯苓,是
Hi，近视和老花能同时存在吗,否
请问，光合作用的原理是什么,否
问一下决明子的功效,是
黄金怎么投资！,否
请问板蓝根的作用是什么,是
请问十全大补汤的成分,是
跟团游和自由行哪个好！,否
公交卡怎么充值,否
你好，请问求解答实脾散的适应症,是
Hi，什么是T+0和T+1,否
滋阴润肺吃什么药,是
你好，孩子不爱学习怎么办,否
止血药怎么分类！,是
安宫牛黄丸的用途是什么,是
降压药和中药能一起吃吗！,是
当归补血汤由哪些药组成,是
杜仲适合什么人吃,是
天麻的作用是什么,是
自动挡和手动挡哪个省油？,否
连翘是什么药,是
你好，请问，显示器和电视当显示器哪个好？,否
说说八珍汤的适用人群,是
什么人不能吃桃仁,是
你好，请问归脾汤主要治什么,是
求解答五苓散的作用,是
你好，请问，咒术回战好看吗,否
枸杞有什么功效,是
请问讲讲佩兰,是
说说独活寄生汤的用途,是
汽车打不着火怎么回事！,否
健脾养胃的中药有哪些,是
怎么学好英语口语,否
请问，哪家火锅好吃？,否
想问下，抽油烟机怎么选,否
白术怎么用,是
最近怎么样，谢谢,否
你好，请问，B站怎么投币。,否
止嗽散主要治什么,是
国家电网怎么进，谢谢,否
独活寄生汤的用途是什么,是
苍术是什么药,是
请问，身份证过期了怎么换。,否
请问，什么是五险一金,否
逍遥丸的功效是什么,是
十全大补汤它的成分是啥,是
你好，请问，垃圾分类怎么分！,否
你好，请问，恐怖片推荐。,否
半夏泻心汤有什么组成,是
红花有副作用吗,是
陈皮的药用价值,是
10万左右买什么车好！,否
求解答苓桂术甘汤的功效,是
什么是服务端渲染,否
请问，出生证明怎么办理,否
理中丸由哪些药组成,是
说说银翘散的主治,是
鹿茸有什么功效,是
能讲讲理中丸的用途吗,是
白术有副作用吗,是
想问下玉屏风散主要治什么,是
桂圆有什么功效,是
你好，请问，公积金贷款能贷多少,否
问一下当归的功效,是
车牌摇号条件。,否
你好，请问，什么是量子力学？,否
白芍和什么搭配效果好,是
海贼王完结了吗。,否
Hi，什么是WebSocket，谢谢,否
请问，光合作用的原理是什么？,否
熟地黄的药用价值,是
苹果手表值得买吗。,否
干姜的作用是什么,是
讲讲肉苁蓉,是
请问，黑洞是怎么形成的,否
推荐一首好听的歌。,否
请问问一下麦冬的功效,是
怎么投诉快递！,否
夏天怎么养心,是
想问下生脉散的作用是什么,是
请问，张家界和黄山哪个好玩！,否
银行卡被吞了怎么办。,否
你好，请问，个体户怎么报税？,否
想问下麻黄汤的适应症是什么,是
你有什么爱好,否
问一下白术的功效,是
教师资格证怎么备考,否
想问下炙甘草汤的功效是什么,是
求解答温经汤的主治,是
如何提升阳气,是
元素周期表有多少个元素！,否
请问，养胃吃什么,是
请问，外卖超时怎么投诉！,否
转基因食品能吃吗？,否
请问，小户型怎么装修显大！,否
沙发材质哪种耐用,否
请问说说桂枝茯苓丸的用途,是
你好，请问，身份证过期了怎么换？,否
如何成为一名架构师？,否
求解答半夏厚朴汤的适应症,是
你好请问，专注力怎么培养,否
你好，请问，DNA双螺旋结构谁发现的,否
想问下，腺样体肥大必须手术吗,否
讲讲黄芩,是
麦冬有什么功效,是
请问，狗狗拉稀吃什么药。,否
碳水化合物该不该戒,否
怎么抢到演唱会的票,否
你好，请问，混动和纯电怎么选,否
天王补心丹有什么作用,是
悬疑剧推荐？,否
黄精怎么用,是
西安兵马俑值得看吗？,否
肾虚有什么症状表现,是
你好，请问，出生证明怎么办理！,否
益生菌吃了有用吗,否
芡实适合什么人吃,是
你好，请问归脾汤有什么适应症,是
白带异常中医怎么说,是
请问，轮胎多久换一次。,否
手机电池不耐用怎么办。,否
四逆散怎么用,是
请问，国企和私企怎么选！,否
想问下介绍一下清胃散,是
请问求解答导赤散的功效,是
你好，请问，什么是五险一金！,否
NBA总冠军是谁,否
酸枣仁汤由哪些药组成,是
请问茯苓适合什么人吃,是
你好，请问，公摊面积怎么算？,否
说说十全大补汤的成分,是
糖尿病中医可以辅助治疗吗,是
大承气汤的作用是什么,是
说说半夏厚朴汤的适应症,是
你好，请问，三国时期有哪些著名战役,否
宫崎骏最经典的电影。,否
蒲公英怎么用,是
专注力怎么培养,否
蛋白粉伤肾吗,否
取快递要带什么。,否
ETC怎么办理。,否
肉桂泡水喝有什么好处,是
机油多久换一次,否
专升本后考研可以吗,否
墙面发霉怎么处理。,否
请问，日系车和德系车哪个好。,否
五味子怎么用,是
你好，牛皮癣中医有什么好办法,是
仓鼠怎么养！,否
DNA双螺旋结构谁发现的,否
学钢琴影响学习吗,否
什么人不能吃天冬,是
身份证过期了怎么换,否
你好，请问，SUV和轿车哪个更实用？,否
《黄帝内经》主要讲了什么！,是
苍术有副作用吗,是
小红书怎么涨粉！,否
请问薄荷有副作用吗,是
吃鸡蛋一天最多几个,否
你好，什么是熔断降级,否
请问问一下熟地黄的功效,是
Python和Java哪个好,否
想问下越鞠丸怎么用,是
发烧中医怎么退烧,是
请问，混动和纯电怎么选！,否
黄精的药用价值,是
Hi，小孩不爱吃饭是脾胃不好吗,是
知乎怎么达到高赞！,否
想问下真武汤的组成是什么,是
你好，请问，正当防卫的界限是什么,否
沙参适合什么人吃,是
护照过期了怎么换？,否
糖尿病怎么控制血糖,否
请问，公司注册流程是什么？,否
请问，今天吃什么,否
问一下沙参的功效,是
天麻和什么搭配效果好,是
多囊卵巢中医调理方案,是
你好，请问补中益气汤怎么用,是
军队文职值得考吗！,否
可以反复看的电影！,否
玉屏风散由哪些药组成,是
介绍一下归脾汤,是
乳腺增生中医怎么治,是
月经有血块正常吗,是
什么人不能吃柴胡,是
能讲讲安宫牛黄丸的用途吗,是
你好，请问，数字人民币怎么用,否
你好，请问，降噪耳机推荐,否
你好，请问，信号不好怎么解决？,否
洗牙多久一次比较好,否
你好，请问，二手房过户流程,否
白带异常中医怎么说？,是
桑叶是什么药,是
乒乓球怎么练好发球。,否
续断泡水喝有什么好处,是
请问，最低还款会影响征信吗？,否
请问，可以反复看的电影,否
请问，狗狗拉稀吃什么药？,否
《医学衷中参西录》的作者是谁！,是
请问鹿茸的药用价值,是
介绍一下杜仲,是
问一下三七的功效,是
天冬有副作用吗,是
止血药怎么分类，谢谢,是
请问，什么星座最配？,否
你好，请问，火影忍者值得看吗！,否
间歇性断食科学吗？,否
请问，B站怎么投币,否
川芎是什么药,是
冬虫夏草是什么药,是
正当防卫的界限是什么,否
外面打雷了,否
丹参适合什么人吃,是
狂犬疫苗怎么打？,否
厚朴有什么功效,是
你好，请问，白羊座性格特点,否
讲讲红花,是
能讲讲参苓白术散的适应症吗,是
你好，卵巢囊肿中医能治吗。,是
你好，请问，三国时期有哪些著名战役！,否
泻白散的适应症是什么,是
中医怎么看待熬夜,是
请问讲讲夏枯草,是
你好，请问，小户型怎么装修显大。,否
请问，年终奖怎么扣税。,否
决明子和什么搭配效果好,是
请问人参怎么用,是
请问，乌龟怎么养才不臭！,否
补中益气汤怎么用,是
你好，请问求解答茵陈蒿汤的作用,是
5G有必要吗,否
眼袋大是哪里出了问题,是
柴胡有什么功效,是
红烧肉怎么做才好吃。,否
车窗贴膜什么牌子好！,否
《医宗金鉴》是什么时期的书,是
你好，请问，鬼灭之刃讲了什么？,否
公交卡怎么充值。,否
菊花的作用是什么,是
你好，请问，5G有必要吗！,否
介绍一下黄连,是
沙参怎么用,是
请问，拼多多和淘宝哪个好,否
二手车能不能买。,否
你好请问，补虚药分哪几类,是
请问，支付宝被盗刷了怎么办。,否
怎么注销公司。,否
想问下，美白去湿气？,是
请问，什么星座最配,否
请问，公积金贷款能贷多少？,否
你好，请问，小规模纳税人税率多少？,否
活血调经吃什么中药,是
牙痛吃什么中药,是
知乎怎么达到高赞。,否
狗狗绝育的好处和坏处,否
你好，请问，征信花了怎么修复？,否
独活寄生汤怎么用,是
清热药分几种，谢谢,是
想问下越鞠丸的功效是什么,是
想问下，什么是涌吐药,是
问一下薄荷的功效,是
请问，iPad有必要买蜂窝版吗。,否
你好，留学申请要准备什么材料,否
什么人不能吃薄荷,是
你好，请问，iPad有必要买蜂窝版吗。,否
最近有什么好看的电影吗,否
你好，请问，乌龟怎么养才不臭。,否
茯苓是什么药,是
请问白芍适合什么人吃,是
你好，请问，怎么注销公司！,否
指甲有竖纹是什么信号~,是
养生先养心是什么意思。,是
奶茶推荐？,否
请问，喜剧电影推荐？,否
怎么投诉快递,否
请问，带孩子去哪旅游合适！,否
请问，做手术前后能吃中药吗,是
请问，元素周期表有多少个元素！,否
Hi，安神助眠茶配方,是
麦门冬汤由哪些药组成,是
你好，请问，动画电影推荐。,否
请问，鬼灭之刃讲了什么！,否
介绍一下女贞子,是
介绍一下黄芪,是
装修预算怎么分配。,否
每天喝多少水最合适，谢谢,否
甘草有什么功效,是
请问，手指月牙少说明什么，谢谢,是
讲讲芡实,是
请问，借呗和花呗有什么区别,否
生吃蔬菜更有营养吗,否
问一下人参的功效,是
想问下桂枝汤怎么用,是
请问苏子降气汤的功效,是
祛风除湿的药材。,是
请问，下午茶哪里好,否
你好，请问，可以反复看的电影。,否
降压药和中药能一起吃吗,是
请问，推拿能治颈椎病吗,是
请问定喘汤由哪些药组成,是
请问五苓散的作用,是
你好，请问，机油多久换一次！,否
请问，酸味药能收敛吗,是
你好，请问，公积金贷款能贷多少！,否
天王补心丹由哪些药组成,是
能讲讲六味地黄丸的功效吗,是
茯苓适合什么人吃,是
iPhone和安卓怎么选！,否
桂枝茯苓丸由哪些药组成,是
石斛的作用是什么,是
干姜有副作用吗,是
请问，恐怖片推荐。,否
请问，带孩子去哪旅游合适,否
你好，请问，养猫好还是养狗好？,否
请问，豆瓣评分最高的电影。,否
请问，自助餐推荐,否
动画电影推荐,否
请问，拼多多和淘宝哪个好？,否
大黄和什么搭配效果好,是
想问下苏合香丸的功效是什么,是
流鼻涕吃什么药,是
你好，请问，公众号怎么注册！,否
你好请问，内分泌失调中医怎么调理,是
五味子的药用价值,是
你好，请问，信号不好怎么解决！,否
你好，请问，失业金怎么领取。,否
速冻水饺什么牌子好吃？,否
介绍一下止嗽散,是
你好，请问，龙猫好养吗。,否
川贝母有什么功效,是
请问，勾股定理的证明方法。,否
请问，毛坯房验房注意事项,否
请问，机油多久换一次？,否
请问，支付宝被盗刷了怎么办！,否
温胆汤它的主治是啥,是
甘味药的作用,是
想问下桑菊饮的适应症是什么,是
你好请问，钓鱼有什么技巧,否
你好，请问，太阳系有几大行星？,否
夏枯草有什么功效,是
问一下石斛的功效,是
黄芪和什么搭配效果好,是
人参的药用价值,是
你好，请问，海贼王完结了吗？,否
安宫牛黄丸它的用途是啥,是
艾灸的作用和好处,是
请问，出生证明怎么办理。,否
你好请问，头发早白是肾虚吗,是
当归和什么搭配效果好,是
莲子的药用价值,是
请问，机油多久换一次！,否
冬季怎么补肾,是
丁香柿蒂汤它的作用是啥,是
淫羊藿有什么功效,是
你好，请问，怎么抢到演唱会的票！,否
定期寿险和终身寿险的区别,否
白术有什么功效,是
请问白芍怎么用,是
红花的作用是什么,是
请问，清朝闭关锁国的影响！,否
淫羊藿是什么药,是
讲讲何首乌,是
你好，请问，618和双十一哪个更划算,否
你好，请问，附近有什么好吃的。,否
什么是清热燥湿~,是
什么是宽基指数，谢谢,否
请问，iPhone和安卓怎么选,否
介绍一下淫羊藿,是
能讲讲温胆汤的主治吗,是
讲讲百合,是
酸枣仁汤它的主治是啥,是
问一下菟丝子的功效,是
改革开放是哪一年开始的！,否
上火喝什么茶！,是
请问，宫崎骏最经典的电影。,否
三七泡水喝有什么好处,是
狗狗绝育的好处和坏处！,否
什么是穴位,是
你好，请问龙胆泻肝汤主要治什么,是
想问下，血压正常范围是多少,否
酸枣仁是什么药,是
你好，请问，网上银行安全吗。,否
信号不好怎么解决！,否
丁香柿蒂汤由哪些药组成,是
Hi，衣服上的油渍怎么洗,否
请问，垃圾分类怎么分。,否
上火喝什么茶，谢谢,是
想问下，牛排怎么煎,否
你好，请问，文艺复兴是什么时候？,否
你好，请问，物业费包含什么？,否
你好，请问，工伤认定需要什么材料。,否
十全大补汤主要治什么,是
请问，为什么天空是蓝色的！,否
怎么挑选西瓜,否
请问，哪家火锅好吃。,否
请问，5G有必要吗！,否
请问，小规模纳税人税率多少,否
公摊面积怎么算,否
火车票退票手续费。,否
芡实是什么药,是
收涩药怎么用,是
你好，请问，物业费包含什么。,否
桂枝汤怎么用,是
请问白虎汤的组成,是
你好，请问，悬疑剧推荐！,否
洗衣机不排水怎么修,否
你好，请问，防诈骗口诀是什么。,否
五苓散它的作用是啥,是
请问山茱萸和什么搭配效果好,是
你好，请问，征信花了怎么修复。,否
请问，公积金贷款能贷多少！,否
定喘汤主要治什么,是
租房合同要注意什么？,否
请问，医保报销比例是多少！,否
你好请问，第一份工作重要吗,否
头晕吃什么中药,是
你好，请问，正当防卫的界限是什么？,否
旋覆代赭汤有什么功效,是
介绍一下板蓝根,是
你好，请问，奶茶推荐。,否
个体户怎么报税！,否
请问，劳动仲裁怎么申请,否
你好，请问，什么是五险一金,否
你好，请问，二手房过户流程。,否
大黄的药用价值,是
三国时期有哪些著名战役,否
打新股一定能赚钱吗,否
什么食物可以美白皮肤,否
六味地黄丸有什么功效,是
开窍药有哪些,是
苏合香丸由哪些药组成,是
请问，秦始皇统一六国的顺序！,否
网络教育学历有用吗。,否
你好，KTV必点歌曲,否
自助餐推荐！,否
方便面哪个味道好吃,否
你好，请问，咒术回战好看吗。,否
请问，贷款需要什么条件。,否
甘草和什么搭配效果好,是
生脉散由哪些药组成,是
你好，请问，今年有什么好看的国产剧。,否
你家在哪里，谢谢,否
请问，龙猫好养吗,否
阿胶有什么功效,是
藿香正气散主要治什么,是
保和丸有什么作用,是
介绍一下薄荷,是
苏子降气汤怎么用,是
张家界和黄山哪个好玩,否
请问，公摊面积怎么算？,否
请问，护照过期了怎么换！,否
请问，去三亚玩几天合适。,否
《本草纲目拾遗》补充了什么,是
请问，手机电池不耐用怎么办！,否
越鞠丸有什么功效,是
成都重庆哪个更好玩？,否
请问，个体户怎么报税,否
介绍一下导赤散,是
怎么计算个人所得税,否
你好，请问，兔子能当宠物吗！,否
请问防己黄芪汤的功效,是
请问，SUV和轿车哪个更实用？,否
求解答理中丸的用途,是
Hi，你能做什么,否
茯苓的功效与作用,是
请问，怎么考摩托车驾照,否
天王补心丹怎么用,是
你好，请问，仓鼠怎么养？,否
实脾散由哪些药组成,是
天冬是什么药,是
杜仲有副作用吗,是
你好，请问半夏厚朴汤它的适应症是啥,是
社保断缴有什么影响。,否
请问，你叫什么名字,否
红枣怎么用,是
想问下，布洛芬多久吃一次,否
请问麻黄的作用是什么,是
你好，请问，养猫好还是养狗好。,否
你好，请问，零食推荐？,否
说说炙甘草汤的功效,是
请问，水逆是什么？,否
航班延误怎么索赔。,否
请问夏枯草的药用价值,是
支付宝被盗刷了怎么办。,否
Hi，乙肝病毒携带者中医怎么调理,是
请问，防诈骗口诀是什么！,否
莲子是什么药,是
乌龟怎么养才不臭！,否
请问天麻适合什么人吃,是
你好，请问，最低还款会影响征信吗,否
你好，请问，微信支付限额多少！,否
你好，请问，二手车能不能买？,否
抑郁症中医怎么看待和治疗！,是
国企和私企怎么选,否
哪家火锅好吃,否
免疫治疗是什么原理,否
你好，请问，试用期交社保吗？,否
CPA考试怎么准备。,否
你好，请问，韩剧推荐。,否
酸枣仁汤怎么用,是
温经汤由哪些药组成,是
悬疑剧推荐。,否
枸杞的作用是什么,是
你叫什么名字,否
请问求解答四君子汤的组成,是
带孩子去哪旅游合适！,否
请问，微信支付限额多少？,否
养生先养心是什么意思~,是
给我讲个笑话吧,否
说说当归补血汤的配方,是
鹦鹉怎么教说话。,否
黄精有副作用吗,是
麻黄和什么搭配效果好,是
舌苔厚腻说明什么问题！,是
你好，请问求解答真武汤的作用,是
养颜美容中药。,是
板蓝根怎么用,是
恐怖片推荐。,否
请问酸枣仁怎么用,是
桂圆泡水喝有什么好处,是
想问下，中医调理月经的方法,是
遗嘱怎么写才有效,否
Hi，皮肤干燥起皮是什么虚？,是
汽车打不着火怎么回事。,否
真武汤有什么作用,是
请问，遗嘱怎么写才有效！,否
请问，机械键盘轴体怎么选！,否
请问淫羊藿的作用是什么,是
Hi，补气的中药有哪些,是
你好，请问介绍一下天王补心丹,是
请问，光合作用的原理是什么！,否
什么人不能吃天麻,是
零食推荐,否
请问，特斯拉和比亚迪怎么选！,否
附子和什么搭配效果好,是
你好，请问，自助餐推荐！,否
什么是六经辨证,是
请问，什么是相对论。,否
请问，唐朝为什么被称为盛世！,否
请问，唐朝为什么被称为盛世。,否
能讲讲保和丸的作用吗,是
请问，签证怎么办理？,否
你好，请问，最低还款会影响征信吗。,否
平胃散有什么功效,是
请问说说八珍汤的适用人群,是
四逆散由哪些药组成,是
肉苁蓉泡水喝有什么好处,是
请问，电费多少钱一度？,否
请问，恐怖片推荐？,否
当归是什么药,是
你好，请问，苹果手表值得买吗？,否
什么是辨证论治~,是
练胸肌最快的方法,否
你好，请问，行车记录仪推荐。,否
你好，健脾养胃的中药有哪些,是
可转债是什么,否
请问，狗狗绝育的好处和坏处？,否
安宫牛黄丸主要治什么,是
遗嘱怎么写才有效！,否
请问，日系车和德系车哪个好？,否
你好，请问，怎么判断是不是诈骗电话,否
著作权怎么保护！,否
你好请问，什么是穴位,是
白虎汤怎么用,是
介绍一下血府逐瘀汤,是
等额本息和等额本金怎么选,否
请问，垃圾分类怎么分！,否
请问，云闪付是什么？,否
猫咪掉毛怎么办？,否
请问菟丝子泡水喝有什么好处,是
你好，请问，外卖超时怎么投诉！,否
博士申请怎么准备,否
介绍一下陈皮,是
淫羊藿泡水喝有什么好处,是
你好，请问，勾股定理的证明方法,否
请问，个体户怎么报税？,否
《金匮要略》的主要内容是什么,是
请问，附近有什么好吃的？,否
狼人杀怎么玩,否
车窗贴膜什么牌子好,否
三七是什么药,是
你好，请问，哪家火锅好吃！,否
请问，白羊座性格特点！,否
拼多多和淘宝哪个好,否
请问肉苁蓉的功效与作用,是
讲讲石斛,是
你好，请问，京东白条怎么用,否
辛味药的特点,是
麻黄汤由哪些药组成,是
二战转折点是什么战役！,否
请问，知乎怎么达到高赞,否
介绍一下山药,是
请问什么人不能吃苍术,是
信用卡年费能免吗！,否
你好，请问，第一次世界大战的导火索！,否
你好，请问，什么是相对论！,否
刮痧的好处和注意事项,是
Hi，跳绳减肥效果好吗,否
求解答归脾汤的适应症,是
高考志愿怎么填,否
想问下小柴胡汤的作用是什么,是
你好，请问，医保报销比例是多少,否
请问，怎么抢到演唱会的票,否
异地恋靠谱吗,否
幼小衔接有必要吗,否
冬虫夏草泡水喝有什么好处,是
玉女煎怎么用,是
请问，公交卡怎么充值。,否
五味子有副作用吗,是
灵芝和什么搭配效果好,是
银翘散主要治什么,是
请问，自助餐推荐？,否
你好，请问，护照过期了怎么换。,否
请问肉桂的作用是什么,是
泻白散怎么用,是
请问，外卖推荐？,否
请问，跟团游和自由行哪个好,否
你好，什么是透析~,否
请问菊花是什么药,是
请问，电动车续航冬天打几折？,否
请问柴胡疏肝散的主治,是
水逆是什么。,否
二手车能不能买！,否
征信花了怎么修复？,否
乌龟怎么养才不臭,否
莲子的作用是什么,是
你好，请问导赤散有什么功效,是
请问，银行卡被吞了怎么办！,否
介绍一下玉屏风散,是
介绍一下酸枣仁汤,是
请问，容积率是什么意思！,否
俯卧撑每天做多少有效,否
你好，请问玉女煎有什么主治,是
真武汤的作用是什么,是
止嗽散的功效是什么,是
芡实的药用价值,是
请问熟地黄适合什么人吃,是
什么人不能吃芡实,是
请问，公司注册流程是什么！,否
讲讲玉竹,是
请问，物业费包含什么。,否
你好，肾虚有什么症状表现,是
请问说说炙甘草汤的功效,是
灵芝是什么药,是
移动支付和现金哪个方便？,否
你好，请问，自动挡和手动挡哪个省油！,否
想问下，便秘吃什么通便,是
白芍的功效与作用,是
请问，驾照到期怎么换证,否
补肾吃什么食物,是
求解答真武汤的作用,是
你好，请问，离婚财产怎么分割,否
介绍一下玉女煎,是
连翘的功效与作用,是
你好，请问，西安兵马俑值得看吗！,否
柴胡疏肝散有什么主治,是
限流算法有哪些,否
请问，B站怎么投币？,否
你好，想出去跑步,否
物业费包含什么,否
请问，可以反复看的电影！,否
请问，二战转折点是什么战役。,否
白术和什么搭配效果好,是
请问山茱萸泡水喝有什么好处,是
你好，请问，爬泰山需要准备什么,否
成都重庆哪个更好玩。,否
黄芩有副作用吗,是
介绍一下八珍汤,是
什么人不能吃决明子,是
说说苏子降气汤的功效,是
桑叶有什么功效,是
求解答茵陈蒿汤的作用,是
请问，什么是理财产品的风险等级,否
你好，请问，618和双十一哪个更划算！,否
血压正常范围是多少,否
想问下，阴虚和阳虚的区别是什么,是
请问陈皮的作用是什么,是
请问，日系车和德系车哪个好,否
想问下逍遥丸的功效是什么,是
熟地黄和什么搭配效果好,是
你好，请问，自助餐推荐。,否
你好请问，放假去哪里旅游好？,否
请问麦门冬汤的作用,是
你好，请问，公积金贷款能贷多少。,否
你好，请问，房贷审批要多久。,否
灵芝有副作用吗,是
请问，进击的巨人讲了什么,否
想问下大承气汤的作用是什么,是
白虎汤的组成是什么,是
归脾汤主要治什么,是
你好，请问，什么星座最配,否
黄精有什么功效,是
菊花适合什么人吃,是
中医正骨靠谱吗,是
请问，如何注册商标。,否
请问，WiFi6和WiFi5区别大吗！,否
归脾汤有什么适应症,是
零食推荐？,否
八珍汤由哪些药组成,是
请问，汽车打不着火怎么回事,否
注册制和核准制有什么区别,否
问一下干姜的功效,是
你好，请问，成都重庆哪个更好玩？,否
请问，元素周期表有多少个元素？,否
你好，请问，知乎怎么达到高赞！,否
女贞子有副作用吗,是
菟丝子的作用是什么,是
请问，进击的巨人讲了什么？,否
百合和什么搭配效果好,是
说说五苓散的作用,是
请问，勾股定理的证明方法,否
厚朴适合什么人吃,是
港澳通行证怎么办理！,否
素食主义真的健康吗？,否
请问，航班延误怎么索赔,否
你好，请问，退休年龄是多少！,否
请问，微博热搜怎么上,否
网络教育学历有用吗~,否
想问下苏子降气汤的功效是什么,是
试用期交社保吗。,否
你好，请问，悬疑剧推荐？,否
你好请问，《本草经集注》是谁写的,是
你好，请问，豆瓣评分最高的电影,否
麻黄泡水喝有什么好处,是
想问下，活血化瘀的中药推荐,是
肉桂的药用价值,是
胃经的药材有哪些,是
第一次世界大战的导火索。,否
你好，请问，5G有必要吗。,否
请问，去三亚玩几天合适！,否
阿胶怎么用,是
什么是安神药！,是
请问清胃散的功效,是
独活寄生汤由哪些药组成,是
能讲讲藿香正气散的用途吗,是
《证类本草》有什么特点,是
进击的巨人讲了什么。,否
你好，请问，清朝闭关锁国的影响？,否
你好，请问，专利申请流程,否
煮饺子怎么不破皮,否
介绍一下桑菊饮,是
你好，请问，勾股定理的证明方法？,否
逍遥丸有什么功效,是
降压药和中药能一起吃吗。,是
你好，请问，网上银行安全吗！,否
你好，请问，电费多少钱一度！,否
你好，请问，居住证怎么办？,否
Docker怎么用。,否
薏米适合什么人吃,是
十八反十九畏具体内容。,是
秦始皇统一六国的顺序？,否
想问下，看看这段代码哪里有问题,否
想问下旋覆代赭汤主要治什么,是
降噪耳机推荐！,否
讲讲鹿茸,是
你好，请问，日系车和德系车哪个好！,否
炙甘草汤的功效是什么,是
你好，请问，苹果手表值得买吗！,否
麦冬是什么药,是
益母草的作用是什么,是
请问，什么是量子力学！,否
刀怎么磨~,否
请问，乌龟怎么养才不臭。,否
间歇性断食科学吗~,否
中医说的气血是什么关系,是
你好，请问，港澳通行证怎么办理！,否
说说柴胡疏肝散的主治,是
请问，公交卡怎么充值,否
牛皮癣中医有什么好办法,是
你好，请问，垃圾分类怎么分,否
川芎有什么功效,是
想问下独活寄生汤的用途是什么,是
额头长痘代表什么,是
你好，前列腺增生中医怎么治疗,是
HIIT和跑步哪个燃脂快,否
请问，著作权怎么保护？,否
想问下麦门冬汤的作用是什么,是
求解答四逆散的功效,是
请问，跟团游和自由行哪个好！,否
你好，请问，借呗和花呗有什么区别,否
请问麻黄泡水喝有什么好处,是
什么人不能吃金银花,是
你好，请问，快递丢了怎么赔偿。,否
你好，请问，小红书怎么涨粉？,否
请问决明子怎么用,是
请问，云南旅游攻略求推荐！,否
你好，请问，电动车续航冬天打几折？,否
Rust值得学吗~,否
请问能讲讲安宫牛黄丸的用途吗,是
你好，请问，社保卡丢了怎么补办！,否
请问杜仲有什么功效,是
什么是A股港股美股,否
脸颊长痘是哪里上火？,是
请问红花有副作用吗,是
求解答真武汤的组成,是
肉苁蓉怎么用,是
旋覆代赭汤它的功效是啥,是
下午茶哪里好？,否
网络安全学什么,否
《针灸甲乙经》的内容,是
问一下阿胶的功效,是
介绍一下桑叶,是
甘草的作用是什么,是
薏米的作用是什么,是
请问平胃散的功效,是
X光和CT辐射大吗？,否
黄芩是什么药,是
能讲讲天王补心丹的作用吗,是
请问，公交卡怎么充值？,否
劳动仲裁怎么申请,否
细辛的功效与作用,是
知乎怎么达到高赞,否
网上银行安全吗？,否
你好，请问，签证怎么办理。,否
人参有副作用吗,是
讲讲麦冬,是
菊花有副作用吗,是
你好，请问，京东白条怎么用？,否
想问下，水果什么时候吃最健康，谢谢,否
请问熟地黄是什么药,是
黑洞是怎么形成的？,否
想问下丁香柿蒂汤的作用是什么,是
你好，请问，花呗额度怎么提升！,否
想跟你聊会天,否
想问下苓桂术甘汤的功效是什么,是
介绍一下生脉散,是
窗帘怎么洗不缩水,否
防己黄芪汤有什么功效,是
清朝闭关锁国的影响！,否
什么人不能吃菊花,是
如何注册商标？,否
墙面发霉怎么处理,否
请问，三国时期有哪些著名战役？,否
请问，今天吃什么。,否
金银花有什么功效,是
淫羊藿有副作用吗,是
实脾散的适应症是什么,是
苏子降气汤的功效是什么,是
白术适合什么人吃,是
什么是肝郁气滞？,是
你好，请问，5G有必要吗,否
讲讲续断,是
说说安宫牛黄丸的用途,是
接口幂等性是什么,否
你好，请问，移动支付和现金哪个方便！,否
能讲讲导赤散的功效吗,是
你好，请问，地球的年龄是多少,否
西安兵马俑值得看吗,否
你好，请问，遗嘱怎么写才有效！,否
无聊中聊聊天~,否
请问，工伤认定需要什么材料。,否
什么是微服务架构。,否
苍术泡水喝有什么好处,是
黄连的药用价值,是
黄连有什么功效,是
请问半夏泻心汤它的组成是啥,是
请问，小红书怎么涨粉！,否
酸味药能收敛吗？,是
航班延误怎么索赔,否
冬虫夏草的作用是什么,是
《肘后备急方》有什么贡献,是
甘草泡水喝有什么好处,是
你好，请问，贷款需要什么条件？,否
微博热搜怎么上！,否
请问，支付宝被盗刷了怎么办,否
你好，请问旋覆代赭汤有什么功效,是
请问，居住证怎么办,否
电动车续航冬天打几折！,否
生日怎么庆祝,否
微信支付限额多少,否
大承气汤有什么作用,是
一拳超人第三季什么时候出,否
安宫牛黄丸怎么用,是
说说四逆散的功效,是
请问，短信验证码泄露了怎么办！,否
能讲讲龙胆泻肝汤的主治吗,是
问一下桂圆的功效,是
你好，请问，京东白条怎么用！,否
太阳系有几大行星,否
介绍一下葛根,是
板蓝根适合什么人吃,是
介绍一下白芍,是
手脚心发热是阴虚吗。,是
请问鱼腥草有副作用吗,是
想问下，《中药大辞典》收录了多少药,是
宫寒有什么症状！,是
羊毛衫缩水了怎么恢复,否
大承气汤怎么用,是
脾胃湿热怎么调理。,是
金银花是什么药,是
你好，请问，喜剧电影推荐！,否
讲讲薄荷,是
唐朝为什么被称为盛世。,否
请问，纪录片推荐？,否
《丹溪心法》的核心思想,是
想问下半夏厚朴汤的适应症是什么,是
藏红花适合什么人吃,是
你好，请问，外卖超时怎么投诉,否
桑菊饮主要治什么,是
口干口苦是什么原因~,是
清朝闭关锁国的影响,否
你好，请问，第一次坐飞机要注意什么。,否
请问，劳动仲裁怎么申请！,否
车险怎么买最划算,否
苏合香丸怎么用,是
你好，请问，试用期交社保吗！,否
四君子汤有什么组成,是
介绍一下龙胆泻肝汤,是
鱼腥草泡水喝有什么好处,是
说说龙胆泻肝汤的主治,是
你好，请问，鹦鹉怎么教说话。,否
电费多少钱一度。,否
请问，毛坯房验房注意事项？,否
你好，请问，电动车续航冬天打几折！,否
你好，请问，猫咪掉毛怎么办,否
工伤认定需要什么材料！,否
移动支付和现金哪个方便,否
能讲讲炙甘草汤的功效吗,是
今天吃什么,否
无人机推荐,否
请问桑菊饮它的适应症是啥,是
请问半夏泻心汤有什么组成,是
你好，请问，容积率是什么意思？,否
怎么判断是不是诈骗电话。,否
教师编制怎么考。,否
自驾游路线推荐？,否
玉女煎主要治什么,是
请问，数字人民币怎么用,否
问一下大黄的功效,是
石斛有副作用吗,是
请问，商标怎么注册！,否
Hi，深蹲伤膝盖吗,否
你好，请问，毛坯房验房注意事项,否
X光和CT辐射大吗,否
请问，韩剧推荐。,否
柴胡的药用价值,是
你好，请问，快递丢了怎么赔偿！,否
《中华本草》一共多少卷，谢谢,是
保和丸由哪些药组成,是
温胆汤主要治什么,是
你好，请问，公积金贷款能贷多少？,否
你好，请问补中益气汤它的功效是啥,是
你好，请问能讲讲导赤散的功效吗,是
你好，请问，特斯拉和比亚迪怎么选？,否
请问，勾股定理的证明方法？,否
发烧中医怎么退烧。,是
什么是温里药！,是
玉屏风散怎么用,是
小红书怎么涨粉？,否
金银花有副作用吗,是
小规模纳税人税率多少。,否
请问，公积金贷款能贷多少,否
你好，请问，二手车能不能买。,否
你好，请问，动画电影推荐？,否
请问问一下黄芪的功效,是
藏红花泡水喝有什么好处,是
请问，怎么注销公司！,否
莲子有副作用吗,是
请问，怎么注销公司,否
细辛是什么药,是
什么人不能吃细辛,是
请问温经汤的主治,是
问一下益母草的功效,是
你好请问，你有什么爱好,否
想问下能讲讲五苓散的作用吗,是
请问什么人不能吃芡实,是
请问，公众号怎么注册！,否
请问，方便面哪个味道好吃。,否
你好，今天心情不太好,否
介绍一下当归,是
事业单位考试和公务员考试区别,否
Hi，小儿夜啼是什么原因,是
请问，闲鱼上怎么卖东西,否
抽油烟机怎么选,否
想问下补中益气汤的功效是什么,是
请问女贞子怎么用,是
你好，请问，什么是五险一金。,否
文艺复兴是什么时候？,否
睡硬床好还是软床好对腰,否
请问，今年有什么好看的国产剧,否
越鞠丸它的功效是啥,是
请问，公摊面积怎么算！,否
你好请问，ETF和普通基金有什么区别,否
请问，微信支付限额多少。,否
请问，分期付款有利息吗？,否
问一下麻黄的功效,是
请问黄精怎么用,是
问一下茯苓的功效,是
你好，请问，离婚财产怎么分割！,否
夏枯草和什么搭配效果好,是
请问肾气丸的功效,是
能讲讲十全大补汤的成分吗,是
介绍一下银翘散,是
好困啊~,否
鹿茸是什么药,是
你好，请问，怎么在淘宝上开店。,否
请问，年检新规定是什么？,否
讲讲桂圆,是
枸杞有副作用吗,是
陈皮适合什么人吃,是
请问，拔罐适合什么人！,是
你好，秋燥怎么养肺~,是
升降浮沉是什么意思！,是
阴虚和阳虚的区别是什么,是
你好，请问，公交卡怎么充值！,否
你好，请问，年检新规定是什么！,否
你好，请问，奶茶推荐！,否
垃圾分类怎么分,否
真皮沙发怎么保养,否
介绍一下山茱萸,是
细辛有副作用吗,是
想问下，世界杯什么时候开始,否
附子怎么用,是
请问，恐怖片推荐！,否
请问，自驾游路线推荐！,否
你好，请问，如何注册商标？,否
三国时期有哪些著名战役！,否
请问，京东白条怎么用？,否
熟地黄怎么用,是
你好，请问，结婚证丢了怎么补办。,否
请问，混动和纯电怎么选？,否
讲讲莲子,是
麻黄汤怎么用,是
半夏厚朴汤它的适应症是啥,是
你好，请问，清朝闭关锁国的影响！,否
博士申请怎么准备！,否
DNA双螺旋结构谁发现的？,否
说说越鞠丸的功效,是
请问，物业费包含什么,否
你好请问，国家电网怎么进,否
你好，请问，公众号怎么注册,否
个体户怎么报税,否
你好，请问，可以反复看的电影,否
你好，请问，兔子能当宠物吗。,否
夏枯草是什么药,是
褪黑素能长期吃吗。,否
请问，电动车续航冬天打几折！,否
请问，数字人民币怎么用。,否
金银花适合什么人吃,是
请问，太阳系有几大行星。,否
线上教育和线下哪个好,否
吃了西药还能喝中药吗,是
请问夏枯草是什么药,是
你好，什么是平肝息风药,是
西安兵马俑值得看吗！,否
三七的作用是什么,是
你好，请问，知乎怎么达到高赞？,否
运动后肌肉酸痛怎么缓解。,否
请问白术的功效与作用,是
想问下，公务员考试考什么,否
补阴药有哪些代表。,是
你好请问，什么是市盈率,否
请问，容积率是什么意思？,否
请问，二手车能不能买。,否
请问茯苓和什么搭配效果好,是
你好，请问，太阳系有几大行星！,否
你好，请问，花呗额度怎么提升,否
Hi，《医学衷中参西录》的作者是谁,是
请问，第一次世界大战的导火索。,否
介绍一下大承气汤,是
讲讲丹参,是
Hi，补阴药有哪些代表,是
你好，请问，去三亚玩几天合适？,否
你好，请问，拼多多和淘宝哪个好,否
想问下四逆散有什么功效,是
苍术怎么用,是
冬虫夏草的药用价值,是
肉桂怎么用,是
汽车打不着火怎么回事,否
请问，改革开放是哪一年开始的？,否
你好，请问，火车票退票手续费。,否
你好，请问，美剧入坑推荐。,否
请问猪苓汤的主治,是
讲讲鱼腥草,是
川芎茶调散有什么主治,是
麻黄的作用是什么,是
什么是大数据？,否
川芎的药用价值,是
讲讲苍术,是
请问补中益气汤的功效,是
你好，请问，转账转错了能追回吗！,否
零食推荐！,否
你好，请问，外卖超时怎么投诉。,否
介绍一下独活寄生汤,是
当归补血汤怎么用,是
三七怎么用,是
改革开放是哪一年开始的？,否
SUV和轿车哪个更实用？,否
柴胡怎么用,是
请问，快递丢了怎么赔偿！,否
玉竹和什么搭配效果好,是
想问下茵陈蒿汤的作用是什么,是
女贞子有什么功效,是
打篮球怎么提高投篮命中率~,否
养猫好还是养狗好。,否
你好请问，给我讲个笑话吧！,否
糖醋排骨的做法,否
你好，请问，ETC怎么办理！,否
六味地黄丸怎么用,是
人参的功效与作用,是
请问，哪个视频会员最划算,否
美白去湿气,是
请问甘草泡水喝有什么好处,是
祛痘中药推荐,是
介绍一下连翘,是
甘草怎么用,是
减肥茶中药配方,是
房贷提前还款划算吗,否
佩兰的功效与作用,是
《黄帝内经》主要讲了什么,是
请问玉竹是什么药,是
请问，银行卡被吞了怎么办,否
火影忍者值得看吗,否
美剧入坑推荐！,否
过敏原检测怎么做,否
介绍一下苓桂术甘汤,是
期货交易怎么入门,否
苏子降气汤由哪些药组成,是
苏子降气汤主要治什么,是
气虚的人有哪些特征，谢谢,是
Kubernetes怎么入门,否
你好，请问，容积率是什么意思！,否
想问下，有什么好听的民谣推荐,否
化痰止咳吃什么中药,是
你好，请问，怎么投诉快递！,否
兔子能当宠物吗,否
什么人不能吃桑叶,是
红枣有副作用吗,是
你好，请问，三国时期有哪些著名战役。,否
酒店怎么订最便宜！,否
芡实和什么搭配效果好,是
清胃散的功效是什么,是
你好，请问，遗嘱怎么写才有效,否
半夏泻心汤它的组成是啥,是
请问，叶酸什么时候开始吃？,否
请问问一下石斛的功效,是
请问什么人不能吃白术,是
计算机二级重要吗,否
请问，湿气重怎么祛,是
玉竹的作用是什么,是
机油多久换一次。,否
补气的中药有哪些,是
请问，悬疑剧推荐？,否
沙参和什么搭配效果好,是
微博热搜怎么上？,否
请问，社保卡丢了怎么补办,否
公务员考试考什么,否
请问逍遥丸的功效,是
你好，请问，桂林山水几月份去最好？,否
无糖饮料真的无糖吗！,否
求解答独活寄生汤的用途,是
请问，头发早白是肾虚吗,是
什么是量子力学？,否
你好，请问，手机电池不耐用怎么办。,否
一拳超人第三季什么时候出。,否
饭后百步走有科学依据吗,否
山楂的功效与作用,是
金银花的药用价值,是
什么人不能吃沙参,是
山药的药用价值,是
《医学衷中参西录》的作者是谁,是
痔疮用什么中药！,是
白术的药用价值,是
你好，夏天怎么养心。,是
请问，韩剧推荐,否
血府逐瘀汤怎么用,是
防己黄芪汤的功效是什么,是
杜仲泡水喝有什么好处,是
请问天冬适合什么人吃,是
干姜适合什么人吃,是
厚朴泡水喝有什么好处,是
泻白散有什么适应症,是
你好，请问，怎么在淘宝上开店！,否
请问，为什么天空是蓝色的。,否
运动后多久可以吃饭,否
导赤散怎么用,是
请问，工伤认定需要什么材料！,否
说说麻黄汤的适应症,是
问一下葛根的功效,是
你好，请问桂枝汤由哪些药组成,是
你好，请问，分期付款有利息吗。,否
桂圆和什么搭配效果好,是
你好，请问，航班延误怎么索赔,否
介绍一下小柴胡汤,是
莲子的功效与作用,是
怎么考摩托车驾照！,否
商标怎么注册！,否
你好，请问，丝绸之路的起点和终点！,否
第一次世界大战的导火索,否
请问，出生证明怎么办理！,否
你好，请问，为什么天空是蓝色的。,否
你多高,否
个体户怎么报税？,否
医保报销比例是多少！,否
丹参有副作用吗,是
你好，请问，双十一什么时候开始？,否
续断怎么用,是
公摊面积怎么算？,否
理中丸主要治什么,是
讲讲熟地黄,是
请问讲讲白芍,是
山药怎么用,是
归脾经的药材有哪些。,是
你有喜欢的人吗,否
小红书怎么涨粉。,否
请问，618和双十一哪个更划算,否
公司注册流程是什么！,否
云闪付是什么！,否
请问，二战转折点是什么战役,否
想问下，中医对癌症治疗有帮助吗,是
归脾经的药材有哪些,是
想问下，《药鉴》的作者是谁,是
你好，请问，5G有必要吗？,否
想问下导赤散的功效是什么,是
请问，原神这个游戏好玩吗,否
你好请问，练胸肌最快的方法,否
你好，请问茵陈蒿汤有什么作用,是
请问什么人不能吃板蓝根,是
请问，可以反复看的电影？,否
二手车能不能买？,否
你好，请问，专利申请流程！,否
什么星座最配？,否
请问，DNA双螺旋结构谁发现的,否
请问，房贷审批要多久？,否
请问苓桂术甘汤的功效,是
React和Vue有什么区别，谢谢,否
你好，请问，地球的年龄是多少？,否
请问，水逆是什么！,否
黄芪的作用是什么,是
你好，凉血止血吃什么药,是
讲讲藏红花,是
你好，请问，黑洞是怎么形成的？,否
请问，速冻水饺什么牌子好吃。,否
你好，请问，改革开放是哪一年开始的？,否
请问六味地黄丸的功效,是
请问，丝绸之路的起点和终点。,否
Hi，什么是清热燥湿,是
好困啊？,否
请问讲讲黄连,是
芡实怎么用,是
你好请问，关节痛外敷什么药,是
请问四君子汤的组成,是
你好，请问，居住证怎么办。,否
你好，请问，毛坯房验房注意事项。,否
你好，请问，张家界和黄山哪个好玩。,否
请问，去三亚玩几天合适,否
咒术回战好看吗？,否
求解答猪苓汤的主治,是
宫寒有什么症状。,是
求解答平胃散的功效,是
问一下藏红花的功效,是
睡不着有什么办法,是
维生素D怎么补充,否
能讲讲清胃散的功效吗,是
真武汤有什么组成,是
请问，体内有寒气会怎样,是
卵巢囊肿中医能治吗，谢谢,是
请问，咖啡豆怎么选,否
请问玉屏风散的功效是什么,是
什么人不能吃酸枣仁,是
请问，云南旅游攻略求推荐。,否
你好，请问，ETC怎么办理,否
房贷等额本息和等额本金哪个好~,否
中秋送什么礼,否
炙甘草汤有什么功效,是
你好，请问介绍一下导赤散,是
熟地黄的作用是什么,是
动画电影推荐。,否
请问，去西藏会有高原反应吗,否
云闪付是什么？,否
请问，改革开放是哪一年开始的！,否
补气血吃什么好。,是
问一下冬虫夏草的功效,是
请问藏红花适合什么人吃,是
猫咪掉毛怎么办,否
大承气汤主要治什么,是
湿气重怎么祛,是
你好请问，怎么提高记忆力,否
清胃散怎么用,是
介绍一下干姜,是
你好，请问，苹果手表值得买吗,否
介绍一下生化汤,是
讲讲人参,是
检查出结节中医能消吗,是
白术泡水喝有什么好处,是
菟丝子适合什么人吃,是
介绍一下益母草,是
你好，请问玉女煎它的主治是啥,是
你好，请问，合同违约怎么赔偿？,否
请问，年终奖怎么扣税,否
枸杞和什么搭配效果好,是
问一下川贝母的功效,是
天冬的功效与作用,是
请问，龙猫好养吗！,否
桂圆的药用价值,是
求解答桂枝汤的用法,是
问一下柴胡的功效,是
今年有什么好看的国产剧。,否
说说肾气丸的功效,是
你好，请问，降噪耳机推荐？,否
红枣泡水喝有什么好处,是
你好，请问，汽车打不着火怎么回事。,否
请问，显示器和电视当显示器哪个好？,否
请问鱼腥草怎么用,是
请问，毛坯房验房注意事项！,否
请问薄荷怎么用,是
最低还款会影响征信吗？,否
祛湿用什么中药好,是
补钙吃什么好,否
请问，宫崎骏最经典的电影？,否
能讲讲二陈汤的组成吗,是
猪苓汤主要治什么,是
介绍一下温经汤,是
Hi，你能做什么。,否
黑眼圈重是什么脏器问题,是
你好，请问，鹦鹉怎么教说话,否
求解答天王补心丹的作用,是
请问藏红花是什么药,是
请问，网上银行安全吗,否
问一下细辛的功效,是
酸枣仁适合什么人吃,是
胃寒和胃热怎么区分,是
问一下苍术的功效,是
请问桑叶的作用是什么,是
请问，恐怖片推荐,否
讲讲阿胶,是
乐观锁和悲观锁的区别。,否
细辛的作用是什么,是
你会说方言吗？,否
羽绒服怎么洗不结块。,否
布洛芬多久吃一次,否
什么是CI/CD~,否
你好，请问，光合作用的原理是什么,否
桑叶的药用价值,是
胸闷气短怎么回事中医,是
归脾汤由哪些药组成,是
请问，电费多少钱一度。,否
请问石斛的作用是什么,是
能讲讲当归补血汤的配方吗,是
大学选什么专业好就业，谢谢,否
你好，请问，容积率是什么意思,否
快递丢了怎么赔偿？,否
请问大黄泡水喝有什么好处,是
想问下能讲讲麻黄汤的适应症吗,是
褪黑素能长期吃吗,否
五味子是什么药,是
想问下小柴胡汤由哪些药组成,是
你好，只吃素对身体好吗,否
请问，风湿的症状表现~,是
说说实脾散的适应症,是
什么是清热燥湿,是
今天吃什么？,否
酸味药能收敛吗,是
定期寿险和终身寿险的区别，谢谢,否
你好，ST股票能买吗,否
《中药大辞典》收录了多少药,是
你好，请问，苹果手表值得买吗。,否
地球的年龄是多少？,否
怎么练出马甲线,否
想问下藿香正气散主要治什么,是
山茱萸适合什么人吃,是
请问，装修预算怎么分配。,否
问一下何首乌的功效,是
说说白虎汤的组成,是
什么是体外碎石,否
请问求解答龙胆泻肝汤的主治,是
你好，请问，社保卡丢了怎么补办？,否
你好，请问，日系车和德系车哪个好,否
肾气丸主要治什么,是
请问麻黄汤的适应症,是
你最喜欢的书是什么,否
《医林改错》有什么创新,是
深蹲伤膝盖吗,否
介绍一下参苓白术散,是
请问，买房楼层怎么选！,否
什么是脏腑辨证,是
银行定期存款利率是多少,否
请问理中丸的用途,是
想问下，肚子胀吃什么药,是
请问，太阳系有几大行星,否
你好，请问，明朝灭亡的原因是什么。,否
化疗期间喝中药有效果吗,是
请问安宫牛黄丸的用途,是
酸枣仁的功效与作用,是
胃疼吃什么药,是
请问，闲鱼上怎么卖东西。,否
石斛和什么搭配效果好,是
安神药分几类，谢谢,是
第一次坐飞机要注意什么,否
五臟六腑指的是什么,是
想问下，开窍药有哪些,是
酸枣仁有副作用吗,是
请问讲讲沙参,是
你好请问，长时间看电脑怎么保护眼睛~,否
讲讲决明子,是
想问下安宫牛黄丸的用途是什么,是
生脉散有什么作用,是
你好，请问，最低还款会影响征信吗？,否
川贝母适合什么人吃,是
你好，请问，怎么注销公司。,否
你好，请问，太阳系有几大行星,否
花呗额度怎么提升,否
你好，请问，方便面哪个味道好吃,否
莲子和什么搭配效果好,是
《傅青主女科》讲什么。,是
请问，贷款需要什么条件？,否
能讲讲麦门冬汤的作用吗,是
牛排怎么煎,否
断食对身体有什么影响,否
你好，请问，著作权怎么保护！,否
请问，头晕吃什么中药,是
肝胆湿热有哪些症状,是
葛根有什么功效,是
炙甘草汤主要治什么,是
HPV疫苗该打几价？,否
心脏支架手术风险大吗,否
温经散寒的中药？,是
请问，公众号怎么注册。,否
请问，黑洞是怎么形成的。,否
你好，请问，正当防卫的界限是什么！,否
什么电视剧最近比较火,否
导赤散主要治什么,是
益母草有什么功效,是
请问，咒术回战好看吗？,否
请问，Linux常用命令,否
问一下麦冬的功效,是
淫羊藿的作用是什么,是
天麻有副作用吗,是
天麻是什么药,是
房贷等额本息和等额本金哪个好。,否
租房合同要注意什么。,否
《傅青主女科》讲什么,是
请问，白羊座性格特点？,否
怎么收纳衣服最省空间,否
原神这个游戏好玩吗,否
《医学三字经》的内容,是
茯苓的药用价值,是
ST股票能买吗,否
豆瓣评分最高的电影？,否
薄荷有什么功效,是
信用卡年费能免吗,否
肉桂适合什么人吃,是
玉竹有什么功效,是
请问，身份证过期了怎么换！,否
喜剧电影推荐？,否
奇经八脉是哪八脉,是
旋覆代赭汤怎么用,是
请问，短信验证码泄露了怎么办,否
你好，请问苓桂术甘汤主要治什么,是
参苓白术散怎么用,是
请问玉女煎的主治,是
湿气重怎么祛？,是
请问，港澳通行证怎么办理！,否
爬泰山需要准备什么,否
请问，社保卡丢了怎么补办？,否
痰湿体质的特征有哪些,是
当归泡水喝有什么好处,是
装修预算怎么分配,否
你好，请问，小红书怎么涨粉。,否
请问苏子降气汤它的功效是啥,是
请问，显示器和电视当显示器哪个好。,否
介绍一下柴胡疏肝散,是
二手房过户流程,否
求解答桑菊饮的适应症,是
黄芩有什么功效,是
胸闷气短怎么回事中医。,是
车牌摇号条件！,否
你好，请问，去三亚玩几天合适。,否
求解答桂枝茯苓丸的用途,是
毛坯房验房注意事项！,否
你好，请问，零食推荐。,否
痛风除了西药中药怎么调理,是
你好，请问，装修预算怎么分配,否
三国时期有哪些著名战役？,否
山茱萸和什么搭配效果好,是
Cookie和Session的区别,否
你好，请问，正当防卫的界限是什么。,否
想问下防己黄芪汤的功效是什么,是
流感疫苗有必要打吗,否
桃仁怎么用,是
装修预算怎么分配？,否
维生素C一天吃多少毫克,否
泻下药分几类~,是
讲讲黄芪,是
什么星座最配！,否
你好，请问，自动挡和手动挡哪个省油,否
我饿了~,否
请问，速冻水饺什么牌子好吃？,否
血府逐瘀汤有什么功效,是
中气不足什么感觉，谢谢,是
你好请问，《医学三字经》的内容,是
你好，请问，车窗贴膜什么牌子好,否
海贼王完结了吗！,否
请问，劳动仲裁怎么申请。,否
白虎汤由哪些药组成,是
薏米泡水喝有什么好处,是
肺燥会有什么症状。,是
今天吃什么！,否
请问，鹦鹉怎么教说话！,否
桑叶的功效与作用,是
怎么做一个App。,否
苹果手表值得买吗,否
定喘汤由哪些药组成,是
实脾散它的适应症是啥,是
请问，狗狗拉稀吃什么药！,否
Hi，什么是肝郁气滞,是
结婚证丢了怎么补办！,否
说说玉女煎的主治,是
《景岳全书》的主要内容？,是
银行卡被吞了怎么办,否
唐朝为什么被称为盛世！,否
山茱萸有什么功效,是
仓鼠怎么养。,否
火车票退票手续费！,否
请问板蓝根和什么搭配效果好,是
护照过期了怎么换。,否
请问，蜜月旅行推荐！,否
想问下柴胡疏肝散的主治是什么,是
夏天怎么养心！,是
你好，请问，今年有什么好看的国产剧！,否
社保卡丢了怎么补办！,否
请问，猫需要打什么疫苗。,否
你好，请问，特斯拉和比亚迪怎么选。,否
西医诊断慢性胃炎中医怎么调理,是
什么是五险一金！,否
什么星座最配,否
讲讲沙参,是
枸杞怎么用,是
转账转错了能追回吗？,否
求解答六味地黄丸的功效,是
六味地黄丸由哪些药组成,是
消食导滞用什么中药,是
请问，龙猫好养吗。,否
Hi，同病异治是什么意思,是
公众号怎么注册,否
产后修复需要做哪些项目,否
请问，公司注册流程是什么。,否
长时间看电脑怎么保护眼睛。,否
请问，知乎怎么达到高赞。,否
合同违约怎么赔偿。,否
你好请问，吃了西药还能喝中药吗,是
续断和什么搭配效果好,是
请问，狗狗拉稀吃什么药,否
代糖对身体健康有影响吗,否
请问，外卖超时怎么投诉。,否
5G有必要吗。,否
请问问一下山茱萸的功效,是
手机电池不耐用怎么办？,否
介绍一下续断,是
十全大补汤的成分是什么,是
请问续断的作用是什么,是
黄连是什么药,是
补阳药有哪些,是
想问下五苓散的作用是什么,是
问一下芡实的功效,是
你好，请问，信用卡年费能免吗！,否
芡实有副作用吗,是
天王补心丹主要治什么,是
小户型怎么装修显大。,否
养猫好还是养狗好,否
黄金怎么投资,否
请问炙甘草汤的功效,是
你好，请问，公交卡怎么充值,否
你好，请问说说桂枝汤的用法,是
熟地黄的功效与作用,是
酸枣仁汤有什么主治,是
你好，请问，劳动仲裁怎么申请。,否
请问，碳水化合物该不该戒,否
你好，请问，年终奖怎么扣税,否
介绍一下菊花,是
请问，医保报销比例是多少？,否
你好，请问，个体户怎么报税！,否
自驾游路线推荐！,否
请问独活寄生汤的用途,是
请问，为什么天空是蓝色的,否
你好，请问，公司注册流程是什么？,否
你好，请问，支付宝被盗刷了怎么办,否
川贝母的功效与作用,是
你好，请问，转账转错了能追回吗。,否
你好，数据库索引的原理，谢谢,否
请问，买房楼层怎么选。,否
请问，WiFi6和WiFi5区别大吗。,否
说说补中益气汤的功效,是
请问三七有副作用吗,是
想问下，《温病条辨》的作者是谁,是
龙胆泻肝汤的主治是什么,是
请问，苹果手表值得买吗,否
喜剧电影推荐,否
一拳超人第三季什么时候出！,否
乙肝病毒携带者中医怎么调理,是
山药的作用是什么,是
说说半夏泻心汤的组成,是
莲子泡水喝有什么好处,是
请问黄芩怎么用,是
中医对癌症治疗有帮助吗,是
麦冬怎么用,是
你好，请问，龙猫好养吗！,否
何首乌是什么药,是
血府逐瘀汤的功效是什么,是
菟丝子有什么功效,是
请问能讲讲二陈汤的组成吗,是
川贝母的药用价值,是
请问，猫需要打什么疫苗！,否
你好，请问真武汤有什么作用,是
麻黄怎么用,是
夏枯草怎么用,是
问一下山药的功效,是
请问阿胶的功效与作用,是
二手房过户流程。,否
全麻和局麻有什么区别,否
请问，清朝闭关锁国的影响,否
请问讲讲黄芪,是
请问山药是什么药,是
茵陈蒿汤由哪些药组成,是
请问，离婚财产怎么分割。,否
泻白散主要治什么,是
REITs基金是什么,否
你好，请问，ETC怎么办理？,否
你好，请问，鹦鹉怎么教说话！,否
请问问一下芡实的功效,是
白术的功效与作用,是
什么是量子力学！,否
介绍一下泻白散,是
法考通过率高吗,否
葛根的功效与作用,是
介绍一下猪苓汤,是
你好，请问，养猫好还是养狗好！,否
寒凉药和温热药怎么区分~,是
什么人不能吃玉竹,是
请问，自考本科含金量怎么样~,否
介绍一下白虎汤,是
请问桑叶适合什么人吃,是
喜剧电影推荐。,否
你好，请问，日系车和德系车哪个好？,否
三七的药用价值,是
能讲讲麻黄汤的适应症吗,是
哪家火锅好吃。,否
杜仲有什么功效,是
WiFi6和WiFi5区别大吗！,否
什么是大数据,否
清朝闭关锁国的影响。,否
数字人民币怎么用。,否
薄荷有副作用吗,是
什么人不能吃红枣,是
你好，请问，桂林山水几月份去最好。,否
肾气丸有什么功效,是
实脾散主要治什么,是
瑜伽初学者要注意什么~,否
你好，请问，失业金怎么领取？,否
当归补血汤的配方是什么,是
求解答温胆汤的主治,是
你好，脸颊长痘是哪里上火,是
干姜是什么药,是
想问下生化汤的功效是什么,是
你好，请问，拼多多和淘宝哪个好？,否
冬虫夏草有副作用吗,是
你好，请问，秦始皇统一六国的顺序。,否
你好，请问，什么是相对论？,否
你好，请问，什么是相对论,否
请问，轮胎多久换一次！,否
想问下，清热药分几种,是
成人高考有用吗,否
什么人不能吃山楂,是
请问什么人不能吃细辛,是
Linux常用命令,否
盆底肌修复有必要吗~,否
请问，鹦鹉怎么教说话？,否
柴胡是什么药,是
桃仁是什么药,是
你好，自学编程应该从哪里开始,否
剖腹产和顺产哪个好,否
桑叶的作用是什么,是
金银花怎么用,是
介绍一下酸枣仁,是
你好，请问，信用卡年费能免吗,否
请问，龙猫好养吗？,否
怎么注销公司？,否
请问，怎么投诉快递？,否
推荐一首好听的歌,否
请问，怎么抢到演唱会的票！,否
吃鸡蛋一天最多几个，谢谢,否
请问，航班延误怎么索赔！,否
丁香柿蒂汤怎么用,是
鱼腥草和什么搭配效果好,是
讲讲山楂,是
请问，公积金怎么提取,否
你好，请问，今天吃什么！,否
佩兰是什么药,是
什么人不能吃黄芪,是
讲讲附子,是
你好请问，《小儿药证直诀》作者是谁,是
基础代谢率是什么？,否
请问，装修预算怎么分配！,否
津液是什么。,是
你好，请问，速冻水饺什么牌子好吃,否
请问冬虫夏草泡水喝有什么好处,是
保和丸它的作用是啥,是
下午茶哪里好。,否
讲讲桃仁,是
白虎汤主要治什么,是
请问苍术怎么用,是
请问天麻和什么搭配效果好,是
请问问一下白芍的功效,是
请问莲子的功效与作用,是
介绍一下红花,是
熟地黄有副作用吗,是
请问桂圆是什么药,是
请问，明朝灭亡的原因是什么。,否
考研英语怎么复习,否
四君子汤它的组成是啥,是
想问下归脾汤的适应症是什么,是
介绍一下佩兰,是
半夏厚朴汤怎么用,是
你好，请问茵陈蒿汤主要治什么,是
无糖饮料真的无糖吗,否
请问五味子有什么功效,是
你好，请问，蜜月旅行推荐？,否
你好，请问，悬疑剧推荐。,否
温经汤怎么用,是
三七有什么功效,是
做胃镜痛苦吗,否
你好，请问，乌龟怎么养才不臭！,否
活血药和破血药区别,是
想问下桂枝茯苓丸的用途是什么,是
请问讲讲厚朴,是
介绍一下柴胡,是
请问，行车记录仪推荐！,否
请问红枣泡水喝有什么好处,是
你好，请问，信用卡年费能免吗。,否
请问，美剧入坑推荐,否
港澳通行证怎么办理？,否
请问，机械键盘轴体怎么选？,否
去三亚玩几天合适！,否
什么运动不伤膝盖。,否
哪家火锅好吃！,否
请问，ETC怎么办理？,否
请问，第一次世界大战的导火索,否
黄芩适合什么人吃,是
当归补血汤它的配方是啥,是
请问芡实的功效与作用,是
请问大黄有什么功效,是
你好，请问，动画电影推荐,否
你好，中医说的气血是什么关系,是
运动后肌肉酸痛怎么缓解,否
龙猫好养吗？,否
能讲讲五苓散的作用吗,是
能讲讲血府逐瘀汤的功效吗,是
你会说方言吗,否
请问理中丸的用途是什么,是
退休年龄是多少,否
请问，外卖超时怎么投诉？,否
请问什么人不能吃薏米,是
你有喜欢的人吗，谢谢,否
山楂泡水喝有什么好处,是
请问，怎么注销公司。,否
慢性肾炎中医治疗效果好吗,是
你好，请问，行车记录仪推荐,否
你好，请问，成都重庆哪个更好玩。,否
RESTful API的设计原则,否
请问，日系车和德系车哪个好！,否
苏子降气汤它的功效是啥,是
你好，请问，短信验证码泄露了怎么办！,否
请问，著作权怎么保护,否
肝火旺有什么症状,是
连翘适合什么人吃,是
白芍泡水喝有什么好处,是
请问，为什么天空是蓝色的？,否
你好，请问，取快递要带什么,否
你好，请问求解答归脾汤的适应症,是
春季养生要注意什么,是
想问下天王补心丹有什么作用,是
猪苓汤怎么用,是
请问，SUV和轿车哪个更实用。,否
你好，请问，改革开放是哪一年开始的！,否
咳嗽有什么偏方,是
你好，请问，怎么在淘宝上开店,否
电动车续航冬天打几折。,否
逍遥丸由哪些药组成,是
狗狗拉稀吃什么药。,否
桑叶和什么搭配效果好,是
请问冬虫夏草的功效与作用,是
你好，请问，哪家火锅好吃,否
能讲讲玉女煎的主治吗,是
什么人不能吃百合,是
你好，请问，张家界和黄山哪个好玩,否
你好请问，气虚的人有哪些特征,是
请问，丝绸之路的起点和终点,否
请问介绍一下黄芩,是
问一下天麻的功效,是
请问，西安兵马俑值得看吗？,否
薄荷的作用是什么,是
介绍一下桃仁,是
MVC和MVVM的区别,否
请问，小红书怎么涨粉？,否
请问，10万左右买什么车好？,否
房贷LPR利率是什么,否
猪苓汤它的主治是啥,是
请问，公司注册流程是什么,否
请问当归有什么功效,是
丹参有什么功效,是
讲讲干姜,是
混动和纯电怎么选！,否
你好，请问，航班延误怎么索赔？,否
请问红枣怎么用,是
你好，请问，医保报销比例是多少！,否
请问，车窗贴膜什么牌子好？,否
介绍一下温胆汤,是
请问，护照过期了怎么换。,否
你好，请问，水逆是什么？,否
丝绸之路的起点和终点？,否
请问，年终奖怎么扣税！,否
你好，请问，怎么投诉快递？,否
葛根泡水喝有什么好处,是
能讲讲真武汤的组成吗,是
白芍的作用是什么,是
玉屏风散主要治什么,是
什么人不能吃干姜,是
云南旅游攻略求推荐。,否
京东白条怎么用？,否
你好请问，专升本怎么报名,否
求解答龙胆泻肝汤的主治,是
请问，秦始皇统一六国的顺序。,否
肺经的引经药有哪些，谢谢,是
你好，请问，二战转折点是什么战役？,否
求解答麻黄汤的适应症,是
移动支付和现金哪个方便！,否
能讲讲银翘散的主治吗,是
血府逐瘀汤由哪些药组成,是
请问能讲讲旋覆代赭汤的功效吗,是
三七适合什么人吃,是
行李箱轮子坏了怎么修,否
请问问一下百合的功效,是
清热解毒和清热凉血的区别,是
介绍一下逍遥丸,是
请问，冬季怎么补肾,是
签证怎么办理,否
肉苁蓉的功效与作用,是
什么是经络,是
玉屏风散的功效是什么,是
春夏养阳秋冬养阴怎么理解,是
你好请问，头晕吃什么中药,是
你好请问，缺铁性贫血怎么补,否
涩精止遗的中药有哪些？,是
麻黄的功效与作用,是
麻黄汤的适应症是什么,是
你好，请问，猫咪掉毛怎么办。,否
想问下半夏泻心汤的组成是什么,是
《医宗金鉴》是什么时期的书。,是
请问，补虚药分哪几类，谢谢,是
什么植物适合室内养，谢谢,否
请问黄连和什么搭配效果好,是
黄连的功效与作用,是
股息率怎么算,否
你好请问，疏肝理气的药材推荐,是
续断的功效与作用,是
人参适合什么人吃,是
你好请问，什么是解表药,是
黄精泡水喝有什么好处,是
《小儿药证直诀》作者是谁,是
请问，花呗额度怎么提升？,否
什么是八纲辨证,是
薏米的药用价值,是
什么人不能吃当归,是
肉桂和什么搭配效果好,是
你好，请问，WiFi6和WiFi5区别大吗。,否
什么是解表药。,是
请问保和丸主要治什么,是
《医林改错》有什么创新~,是
Hi，钓鱼有什么技巧,否
苏合香丸它的功效是啥,是
请问介绍一下佩兰,是
请问，分期付款有利息吗。,否
请问四逆散的功效是什么,是
祛湿吃什么,是
山茱萸的功效与作用,是
八珍汤主要治什么,是
明天星期几,否
快递丢了怎么赔偿。,否
想问下龙胆泻肝汤的主治是什么,是
你好，请问，带孩子去哪旅游合适,否
你好，你叫什么名字,否
你好，请问介绍一下四逆散,是
介绍一下清胃散,是
额头长痘代表什么！,是
你好，请问，借呗和花呗有什么区别。,否
你好，请问介绍一下银翘散,是
请问黄精有什么功效,是
你好，请问，带孩子去哪旅游合适。,否
Hi，眼袋大是哪里出了问题,是
介绍一下枸杞,是
能讲讲八珍汤的适用人群吗,是
请问讲讲三七,是
结婚纪念日怎么过,否
什么蔬菜营养价值最高~,否
你好，在职研究生含金量？,否
5G有必要吗？,否
韩剧推荐？,否
容积率是什么意思！,否
陈皮有副作用吗,是
理气药有什么作用,是
什么人不能吃黄连,是
请问菟丝子的功效与作用,是
怎么在淘宝上开店。,否
你好，请问，怎么判断是不是诈骗电话？,否
你好，牛皮癣中医有什么好办法~,是
菊花是什么药,是
显示器和电视当显示器哪个好？,否
介绍一下山楂,是
讲讲红枣,是
白芍有副作用吗,是
想问下，《新修本草》是什么朝代的,是
去三亚玩几天合适？,否
你好，请问，闲鱼上怎么卖东西,否
你好，请问，自助餐推荐？,否
痔疮用什么中药,是
云南旅游攻略求推荐,否
你好，请问，怎么抢到演唱会的票,否
请问，B站怎么投币！,否
半夏厚朴汤有什么适应症,是
补虚药分哪几类,是
你累不累啊？,否
想问下，《伤寒论》里有哪些经典方剂,是
参苓白术散它的适应症是啥,是
请问，容易感冒是什么虚,是
你好，请问，退休年龄是多少。,否
去西藏会有高原反应吗？,否
请问酸枣仁汤的主治,是
宫寒有什么症状,是
年检新规定是什么,否
苏子降气汤有什么功效,是
决明子适合什么人吃,是
想问下介绍一下生化汤,是
分期付款有利息吗？,否
肉桂的功效与作用,是
请问黄芩泡水喝有什么好处,是
你好，请问，微信支付限额多少,否
你好，请问川芎茶调散它的主治是啥,是
问一下灵芝的功效,是
能讲讲苏合香丸的功效吗,是
你好，请问，公摊面积怎么算,否
说说玉屏风散的功效,是
请问，云闪付是什么,否
请问，React和Vue有什么区别,否
请问，车牌摇号条件。,否
请问银翘散的主治,是
你好，请问玉屏风散怎么用,是
一级建造师难考吗,否
你好，请问，跟团游和自由行哪个好,否
你好，请问，降噪耳机推荐！,否
你好，《温病条辨》的作者是谁,是
甘草的功效与作用,是
你好，口干口苦是什么原因,是
清胃散它的功效是啥,是
能讲讲肾气丸的功效吗,是
奶茶推荐,否
蜜月旅行推荐！,否
莲子有什么功效,是
你好，请问，蜜月旅行推荐！,否
签证怎么办理。,否
苏合香丸有什么功效,是
零食推荐。,否
甲亢中医怎么治疗,是
薄荷的功效与作用,是
薄荷怎么用,是
针灸能治什么病。,是
火影忍者值得看吗！,否
iPad有必要买蜂窝版吗！,否
你好，请问，取快递要带什么！,否
你好，请问川芎茶调散怎么用,是
厚朴和什么搭配效果好,是
请问红花泡水喝有什么好处,是
成都重庆哪个更好玩！,否
参苓白术散的适应症是什么,是
请问，租房合同要注意什么。,否
蒲公英的功效与作用,是
你好，请问，征信花了怎么修复,否
脂肪肝中医怎么调理,是
想问下，口干口苦是什么原因,是
喝汤真的有营养吗,否
阿胶泡水喝有什么好处,是
骑行和跑步哪个好,否
桃仁的药用价值,是
舌苔厚腻说明什么问题,是
丹参和什么搭配效果好,是
请问，双十一什么时候开始。,否
附近有什么好吃的？,否
请问，MVC和MVVM的区别~,否
请问，自助餐推荐！,否
请问薏米有什么功效,是
请问，悬疑剧推荐。,否
内分泌失调中医怎么调理,是
桂枝茯苓丸的用途是什么,是
食品添加剂都是有害的吗,否
温经汤主要治什么,是
房贷转公积金贷款怎么操作,否
小柴胡汤它的作用是啥,是
请问，iPhone和安卓怎么选？,否
薏米有副作用吗,是
你好，请问，酒店怎么订最便宜？,否
什么人不能吃陈皮,是
请问四逆散的功效,是
山药是什么药,是
爬泰山需要准备什么。,否
请问，动画电影推荐,否
请问夏枯草有副作用吗,是
你好，请问，狗狗绝育的好处和坏处,否
正当防卫的界限是什么？,否
你好，请问说说玉屏风散的功效,是
请问，动画电影推荐！,否
板蓝根的药用价值,是
你好，请问，小户型怎么装修显大？,否
你好，请问，速冻水饺什么牌子好吃。,否
黄连和什么搭配效果好,是
陈皮是什么药,是
请问，明朝灭亡的原因是什么？,否
能讲讲玉屏风散的功效吗,是
Hi，五一去哪玩！,否
怎么做笔记最有效,否
能讲讲定喘汤的组成吗,是
孩子偏科怎么办,否
能讲讲桂枝茯苓丸的用途吗,是
请问山茱萸的功效与作用,是
请问，信用卡年费能免吗？,否
盆底肌修复有必要吗,否
红花的药用价值,是
请问，什么是量子力学？,否
想问下，体内有寒气会怎样,是
玉女煎它的主治是啥,是
能讲讲桑菊饮的适应症吗,是
摄影入门买什么相机,否
数字人民币怎么用？,否
想问下，黑眼圈重是什么脏器问题,是
子宫肌瘤中医怎么消,是
你好，请问能讲讲桂枝茯苓丸的用途吗,是
你好，请问，抖音怎么涨粉。,否
Hi，清热解毒的药材有哪些,是
干姜怎么用,是
黄芩怎么用,是
归脾汤它的适应症是啥,是
宫崎骏最经典的电影！,否
求解答酸枣仁汤的主治,是
请问，纪录片推荐。,否
五味子和什么搭配效果好,是
健脾养胃的中药有哪些~,是
想问下天王补心丹怎么用,是
想问下定喘汤的组成是什么,是
大黄的功效与作用,是
麦门冬汤怎么用,是
玉竹是什么药,是
介绍一下补中益气汤,是
益母草有副作用吗,是
退市股票怎么办,否
你好，请问，分期付款有利息吗！,否
介绍一下半夏泻心汤,是
红花和什么搭配效果好,是
黄芪是什么药,是
龙胆泻肝汤由哪些药组成,是
请问，白羊座性格特点,否
你好，请问，港澳通行证怎么办理？,否
酸枣仁泡水喝有什么好处,是
你好，请问，爬泰山需要准备什么。,否
你好，请问，狗狗绝育的好处和坏处。,否
带孩子去哪旅游合适,否
介绍一下金银花,是
藏红花的功效与作用,是
请问，兔子能当宠物吗？,否
玉竹怎么用,是
连翘和什么搭配效果好,是
你好，请问，车牌摇号条件。,否
独活寄生汤主要治什么,是
前端和后端有什么区别,否
你好，理气药有什么作用,是
煮饺子怎么不破皮，谢谢,否
红枣的作用是什么,是
你好，请问，宫崎骏最经典的电影,否
问一下红花的功效,是
补阳药有哪些，谢谢,是
牛奶每天喝多少合适！,否
说说天王补心丹的作用,是
讲讲五味子,是
请问麦冬泡水喝有什么好处,是
借呗和花呗有什么区别。,否
什么人不能吃黄芩,是
请问，云南旅游攻略求推荐？,否
后背长痘是湿气重吗，谢谢,是
附子的作用是什么,是
当归的作用是什么,是
桂圆有副作用吗,是
艾灸的作用和好处！,是
求解答川芎茶调散的主治,是
五一去哪玩,否
美剧入坑推荐。,否
请问，云闪付是什么。,否
合同违约怎么赔偿！,否
能讲讲逍遥丸的功效吗,是
奶茶推荐。,否
你好，请问，附近有什么好吃的？,否
Hi，什么降压药副作用小,否
请问蒲公英的功效与作用,是
请问，合同违约怎么赔偿！,否
请问，第一次坐飞机要注意什么,否
生化汤它的功效是啥,是
请问，奶茶推荐！,否
可以反复看的电影,否
想问下十全大补汤怎么用,是
求解答八珍汤的适用人群,是
介绍一下阿胶,是
房贷审批要多久。,否
京东白条怎么用！,否
求解答安宫牛黄丸的用途,是
越鞠丸的功效是什么,是
介绍一下灵芝,是
求解答柴胡疏肝散的主治,是
讲讲天冬,是
什么是穴位？,是
五苓散主要治什么,是
讲讲金银花,是
四君子汤的组成是什么,是
想问下参苓白术散的适应症是什么,是
安神药分几类,是
黄芪有副作用吗,是
你好，请问，iPhone和安卓怎么选？,否
介绍一下丁香柿蒂汤,是
天王补心丹它的作用是啥,是
韩剧推荐！,否
小柴胡汤主要治什么,是
你好，请问，电费多少钱一度,否
你好，请问，车窗贴膜什么牌子好！,否
请问，身份证过期了怎么换？,否
Hi，牙痛吃什么中药,是
请问，补阴药有哪些代表~,是
乒乓球怎么练好发球,否
百合泡水喝有什么好处,是
Hi，消食导滞用什么中药，谢谢,是
手指月牙少说明什么,是
能讲讲酸枣仁汤的主治吗,是
运动前该不该吃东西~,否
清热解毒的药材有哪些,是
请问灵芝怎么用,是
讲讲酸枣仁,是
请问，WiFi6和WiFi5区别大吗,否
请问，双十一什么时候开始,否
请问，取快递要带什么。,否
请问，电费多少钱一度！,否
请问，自动挡和手动挡哪个省油？,否
请问，纪录片推荐,否
怎么瘦肚子最快~,否
补虚药分哪几类！,是
微博热搜怎么上,否
分红除权后还划算吗,否
麻黄汤有什么适应症,是
求解答炙甘草汤的功效,是
请问，信用卡年费能免吗。,否
网上银行安全吗。,否
征信花了怎么修复,否
请问，第一次坐飞机要注意什么！,否
试用期交社保吗！,否
蒲公英适合什么人吃,是
请问，怎么判断是不是诈骗电话。,否
鱼腥草的作用是什么,是
参苓白术散有什么适应症,是
你好，请问，iPhone和安卓怎么选,否
你好，请问，方便面哪个味道好吃。,否
旋覆代赭汤的功效是什么,是
混动和纯电怎么选？,否
请问佩兰是什么药,是
介绍一下麻黄,是
请问，二手房过户流程！,否
请问，信用卡年费能免吗！,否
相亲要注意什么？,否
什么人不能吃茯苓,是
砧板什么材质好,否
你好，请问，结婚证丢了怎么补办,否
龙胆泻肝汤怎么用,是
请问说说猪苓汤的主治,是
桂林山水几月份去最好！,否
请问陈皮有副作用吗,是
请问，仓鼠怎么养。,否
请问肉苁蓉泡水喝有什么好处,是
小柴胡汤的作用是什么,是
请问，数字人民币怎么用！,否
当归的药用价值,是
短信验证码泄露了怎么办！,否
iPhone和安卓怎么选,否
请问，怎么在淘宝上开店！,否
地球的年龄是多少,否
遗嘱怎么写才有效？,否
你好，请问，丝绸之路的起点和终点。,否
讲讲当归,是
请问，第一次世界大战的导火索！,否
请问，鬼灭之刃讲了什么？,否
问一下黄芩的功效,是
你好，请问，酒店怎么订最便宜。,否
能讲讲四逆散的功效吗,是
热水器选燃气还是电的,否
成人本科可以考公务员吗！,否
扁桃体反复发炎要不要切！,否
附子有什么功效,是
温经汤有什么主治,是
丹参怎么用,是
川贝母和什么搭配效果好,是
桂枝汤由哪些药组成,是
5G有必要吗！,否
麦冬的药用价值,是
肉苁蓉和什么搭配效果好,是
Hi，《本草纲目》记载了多少种药材,是
支付宝被盗刷了怎么办,否
你好，请问，附近有什么好吃的！,否
晚饭不吃能减肥吗,否
三国时期有哪些著名战役。,否
问一下桑叶的功效,是
《神农本草经》的上中下三品是什么,是
请问，试用期交社保吗。,否
微博热搜怎么上。,否
你好，请问说说真武汤的作用,是
中医食疗原则是什么~,是
红烧肉怎么做才好吃,否
什么是五险一金？,否
你好请问，叶酸什么时候开始吃,否
讲个故事给我听,否
你好，请问，驾照到期怎么换证！,否
你好，请问，第一次坐飞机要注意什么？,否
商标怎么注册,否
请问，去西藏会有高原反应吗？,否
说说导赤散的功效,是
讲讲葛根,是
什么是涌吐药,是
桑菊饮怎么用,是
介绍一下川芎茶调散,是
参苓白术散主要治什么,是
你好，请问介绍一下六味地黄丸,是
平肝潜阳的药材推荐,是
元素周期表有多少个元素。,否
补阳药有哪些。,是
酸枣仁汤的主治是什么,是
你好，请问，劳动仲裁怎么申请！,否
桃仁适合什么人吃,是
你好，请问，为什么天空是蓝色的？,否
社保卡丢了怎么补办。,否
请问，进击的巨人讲了什么！,否
请问，法令纹深代表什么,是
想问下，补钙吃什么好。,否
请问，买房楼层怎么选？,否
求解答止嗽散的功效,是
请问小柴胡汤的作用,是
想问下二陈汤有什么组成,是
求解答苏合香丸的功效,是
你好请问，入肝经的中药有哪些。,是
帮我打发一下时间,否
请问薄荷适合什么人吃,是
方便面哪个味道好吃。,否
你好，请问，微博热搜怎么上？,否
风湿的症状表现,是
保和丸主要治什么,是
周末去哪里玩,否
蒲公英的作用是什么,是
请问，借呗和花呗有什么区别。,否
请问，公积金怎么提取？,否
今天天气真不错,否
什么人不能吃桂圆,是
你好，请问，一拳超人第三季什么时候出？,否
怎么查询个人征信,否
蛋白粉有必要吃吗,否
请问生化汤的功效,是
ETC怎么办理,否
平胃散它的功效是啥,是
子午流注是什么意思,是
外卖超时怎么投诉？,否
请问佩兰泡水喝有什么好处,是
SQL优化有哪些技巧,否
你好，请问，水逆是什么,否
请问，什么是相对论！,否
车窗贴膜什么牌子好。,否
沙参泡水喝有什么好处,是
柴胡疏肝散的主治是什么,是
什么人不能吃女贞子,是
什么人不能吃肉桂,是
请问，乌发中药推荐,是
你好请问，风寒感冒和风热感冒怎么区分,是
桑菊饮的适应症是什么,是
桂枝茯苓丸有什么用途,是
介绍一下越鞠丸,是
能讲讲生脉散的作用吗,是
你好，请问，车牌摇号条件？,否
生脉散主要治什么,是
陈皮怎么用,是
请问，火影忍者值得看吗,否
桂枝汤有什么用法,是
公积金贷款能贷多少。,否
杜仲的药用价值,是
请问天王补心丹的作用,是
银行卡被吞了怎么办？,否
问一下甘草的功效,是
Hi，越野跑和路跑的区别,否
你好，请问，二战转折点是什么战役。,否
打疫苗后有什么注意事项,否
你好，请问，iPad有必要买蜂窝版吗,否
请问，618和双十一哪个更划算！,否
你好，请问，今天吃什么。,否
求解答苏子降气汤的功效,是
淫羊藿怎么用,是
乐观锁和悲观锁的区别，谢谢,否
你好，请问，10万左右买什么车好。,否
介绍一下实脾散,是
你好，睡不着有什么办法~,是
讲讲益母草,是
孩子偏科怎么办~,否
请问，失业金怎么领取,否
请问讲讲陈皮,是
最低还款会影响征信吗！,否
红花怎么用,是
什么人不能吃黄精,是
请问定喘汤主要治什么,是
请问，西安兵马俑值得看吗。,否
清热解毒和清热凉血的区别？,是
你好，请问，成都重庆哪个更好玩！,否
想问下能讲讲真武汤的作用吗,是
骑行和跑步哪个好。,否
想问下说说天王补心丹的作用,是
请问，怎么考摩托车驾照！,否
藏红花和什么搭配效果好,是
什么是相对论。,否
你好，请问，离婚财产怎么分割。,否
请问，拼多多和淘宝哪个好！,否
什么人不能吃肉苁蓉,是
请问，银行定期存款利率是多少,否
请问丹参有副作用吗,是
晚安好梦。,否
请问介绍一下真武汤,是
外用杀虫药有哪些,是
你好，请问，蜜月旅行推荐,否
请问菟丝子的药用价值,是
半夏泻心汤主要治什么,是
能讲讲越鞠丸的功效吗,是
请问，火车票退票手续费？,否
讲讲菊花,是
护肝吃什么,是
你好请问，TypeScript有必要学吗,否
请问，行车记录仪推荐？,否
介绍一下薏米,是
请问越鞠丸的功效,是
请问，附近有什么好吃的。,否
你好，请问，唐朝为什么被称为盛世,否
细辛怎么用,是
你好，中国男足还有希望吗。,否
鱼腥草有什么功效,是
求解答清胃散的功效,是
想问下真武汤的作用是什么,是
请问，明朝灭亡的原因是什么,否
你相信星座吗。,否
五味子适合什么人吃,是
说说茵陈蒿汤的作用,是
你好，请问，明朝灭亡的原因是什么？,否
丹参的药用价值,是
怎么去除房间异味,否
鬼灭之刃讲了什么？,否
请问，怎么判断是不是诈骗电话？,否
防诈骗口诀是什么。,否
什么人不能吃莲子,是
请问，三国时期有哪些著名战役,否
杜仲怎么用,是
你好，请问，怎么考摩托车驾照？,否
如何提升阳气。,是
请问丁香柿蒂汤的作用,是
请问，房贷审批要多久。,否
请问，蜜月旅行推荐。,否
介绍一下莲子,是
你好，请问，文艺复兴是什么时候,否
请问，纪录片推荐！,否
想问下说说麻黄汤的适应症,是
你好，请问，纪录片推荐。,否
讲讲连翘,是
什么人不能吃灵芝,是
想问下，剖腹产和顺产哪个好,否
请问，宫崎骏最经典的电影,否
入肝经的中药有哪些,是
你好请问，性温的药材有什么特点，谢谢,是
请问，《新修本草》是什么朝代的,是
你好，请问，鬼灭之刃讲了什么。,否
当归有副作用吗,是
苹果手表值得买吗？,否
请问，支付宝被盗刷了怎么办？,否
肺燥会有什么症状,是
什么是平肝息风药,是
介绍一下甘草,是
二手烟有什么危害,否
你好，频繁跳槽好还是稳定好,否
请问，零食推荐？,否
10万左右买什么车好,否
请问，外卖超时怎么投诉,否
你好，请问，著作权怎么保护？,否
讲讲麻黄,是
想问下，编程适合几岁开始学,否
肉桂是什么药,是
菟丝子的药用价值,是
Hi，烤鸡翅怎么腌制,否
讲讲肉桂,是
想问下，学吉他好还是钢琴,否
公众号怎么注册！,否
肝胆湿热有哪些症状？,是
公众号怎么注册。,否
请问，什么是量子力学,否
闲鱼上怎么卖东西,否
金银花的作用是什么,是
介绍一下决明子,是
白虎汤有什么组成,是
桂枝汤主要治什么,是
你好，补肾吃什么食物，谢谢,是
ETC怎么办理？,否
什么体质不能吃人参。,是
陪我聊聊天吧,否
风湿的症状表现！,是
你好，什么是理财产品的风险等级,否
世界杯什么时候开始,否
生化汤有什么功效,是
纪录片推荐？,否
求解答二陈汤的组成,是
决明子有什么功效,是
你好请问，涌泉穴的作用是什么,是
你好请问，无痛分娩真的不痛吗,否
请问，iPad有必要买蜂窝版吗,否
想问下，眼袋大是哪里出了问题，谢谢,是
你好，请问，自驾游路线推荐！,否
鬼灭之刃讲了什么。,否
去三亚玩几天合适,否
请问，酒店怎么订最便宜！,否
请问，外面打雷了,否
天麻怎么用,是
你好，请问，混动和纯电怎么选。,否
请问当归补血汤的配方,是
莲子适合什么人吃,是
怎么根据体质选食疗,是
跟团游和自由行哪个好,否
求解答导赤散的功效,是
Webpack和Vite的区别，谢谢,否
想问下藿香正气散的用途是什么,是
麦门冬汤有什么作用,是
想问下肾气丸的功效是什么,是
黄芪适合什么人吃,是
何首乌怎么用,是
想问下理中丸它的用途是啥,是
你好，请问苓桂术甘汤它的功效是啥,是
怎么起诉欠钱不还！,否
菟丝子的功效与作用,是
装修预算怎么分配！,否
求解答藿香正气散的用途,是
你好，请问，银行卡被吞了怎么办！,否
中医能治好过敏性鼻炎吗？,是
你好，请问，防诈骗口诀是什么,否
你好，请问，二手车能不能买,否
MBA值得读吗,否
二手车能不能买,否
你好，请问，手机电池不耐用怎么办！,否
独活寄生汤它的用途是啥,是
你好，请问，专利申请流程？,否
港澳通行证怎么办理,否
淫羊藿和什么搭配效果好,是
求解答防己黄芪汤的功效,是
你好，请问，显示器和电视当显示器哪个好！,否
WiFi6和WiFi5区别大吗。,否
请问，汽车打不着火怎么回事。,否
你好，请问，西安兵马俑值得看吗,否
请问，分期付款有利息吗！,否
正当防卫的界限是什么。,否
请问，第一次坐飞机要注意什么？,否
黄精的功效与作用,是
你好，请问，年检新规定是什么,否
风寒感冒症状有哪些,是
请问，拼多多和淘宝哪个好。,否
请问，外卖推荐。,否
讲讲板蓝根,是
请问，防诈骗口诀是什么。,否
著作权怎么保护。,否
你好，请问，花呗额度怎么提升。,否
问一下鹿茸的功效,是
请问，劳动仲裁怎么申请？,否
你好，请问，兔子能当宠物吗？,否
检查出结节中医能消吗。,是
何首乌泡水喝有什么好处,是
你好，请问，猫需要打什么疫苗！,否
你好，请问，桂林山水几月份去最好,否
你好，请问，专利申请流程。,否
什么是三焦,是
请问，物业费包含什么？,否
借呗和花呗有什么区别,否
请问黄芪的功效与作用,是
什么是净值型理财,否
你好，请问，公司注册流程是什么。,否
请问，公积金怎么提取！,否
毛坯房验房注意事项。,否
温胆汤由哪些药组成,是
小柴胡汤怎么用,是
什么是温里药,是
请问，程序员怎么提升自己,否
关节痛外敷什么药,是
怎么查询个人征信，谢谢,否
你好，请问，年终奖怎么扣税。,否
麦冬适合什么人吃,是
能讲讲丁香柿蒂汤的作用吗,是
你好，请问介绍一下补中益气汤,是
请问，动画电影推荐？,否
能讲讲苏子降气汤的功效吗,是
什么人不能吃山药,是
你好，请问，跟团游和自由行哪个好？,否
请问能讲讲泻白散的适应症吗,是
Hi，窗帘买什么颜色好,否
能讲讲四君子汤的组成吗,是
如何注册商标！,否
请问，信号不好怎么解决！,否
汽车打不着火怎么回事？,否
请问，仓鼠怎么养！,否
DNA双螺旋结构谁发现的。,否
公摊面积怎么算！,否
连翘泡水喝有什么好处,是
瑜伽初学者要注意什么,否
请问玉竹的作用是什么,是
能讲讲温经汤的主治吗,是
请问，唐朝为什么被称为盛世,否
请问什么人不能吃何首乌,是
问一下附子的功效,是
决明子是什么药,是
白芍有什么功效,是
肚子胀吃什么药,是
四逆散它的功效是啥,是
请问，今年有什么好看的国产剧？,否
请问，西安兵马俑值得看吗！,否
附近有什么好吃的,否
年金险值得买吗,否
请问，怎么投诉快递！,否
讲讲灵芝,是
请问甘草是什么药,是
显示器和电视当显示器哪个好,否
请问红花的功效与作用,是
拼多多和淘宝哪个好！,否
请问，试用期交社保吗？,否
苍术的药用价值,是
《伤寒论》里有哪些经典方剂,是
什么是量子力学。,否
WiFi6和WiFi5区别大吗？,否
豆瓣评分最高的电影！,否
秦始皇统一六国的顺序。,否
驾照到期怎么换证,否
导赤散它的功效是啥,是
前列腺增生中医怎么治疗！,是
文艺复兴是什么时候。,否
泻白散由哪些药组成,是
能讲讲实脾散的适应症吗,是
成都重庆哪个更好玩,否
山楂的药用价值,是
Hi，祛痘中药推荐,是
公司注册流程是什么,否
养猫好还是养狗好？,否
介绍一下当归补血汤,是
你好，请问介绍一下藿香正气散,是
你好，请问，社保卡丢了怎么补办。,否
请问，借呗和花呗有什么区别！,否
山楂有什么功效,是
你好，胃寒和胃热怎么区分,是
葛根是什么药,是
进击的巨人讲了什么？,否
你好，请问，公积金怎么提取,否
什么人不能吃川贝母,是
熟地黄有什么功效,是
板蓝根的功效与作用,是
说说泻白散的适应症,是
薄荷是什么药,是
切洋葱怎么不流泪,否
你好请问，活血药和破血药区别,是
请问，考驾照科二怎么过,否
天冬有什么功效,是
石斛适合什么人吃,是
请问，咒术回战好看吗,否
水逆是什么？,否
苓桂术甘汤由哪些药组成,是
秦始皇统一六国的顺序！,否
续断是什么药,是
讲讲杜仲,是
鹦鹉怎么教说话！,否
肾气丸的功效是什么,是
请问，ETC怎么办理！,否
你好，请问，信用卡年费能免吗？,否
连翘有副作用吗,是
请问，手机电池不耐用怎么办。,否
手机屏幕裂了值得修吗,否
问一下百合的功效,是
喝什么茶对身体好,否
请问介绍一下厚朴,是
你好，请问，张家界和黄山哪个好玩？,否
借呗和花呗有什么区别！,否
请问，快递丢了怎么赔偿,否
物业费包含什么？,否
你好，请问，秦始皇统一六国的顺序,否
什么是元气,是
什么是心电图,否
什么是期权,否
你好，请问，支付宝被盗刷了怎么办。,否
四逆散的功效是什么,是
介绍一下厚朴,是
想问下泻白散的适应症是什么,是
猪苓汤有什么主治,是
红花适合什么人吃,是
什么是通货膨胀,否
自助餐推荐？,否
益母草泡水喝有什么好处,是
清胃散由哪些药组成,是
请问真武汤的作用,是
你好，《太平惠民和剂局方》是什么,是
你好，请问，电动车续航冬天打几折。,否
介绍一下十全大补汤,是
什么是分布式系统,否
请问，桂林山水几月份去最好。,否
想问下清胃散的功效是什么,是
你好，请问，花呗额度怎么提升？,否
请问，车窗贴膜什么牌子好。,否
你好，请问，可以反复看的电影！,否
你好，请问，支付宝被盗刷了怎么办！,否
想问下，如何成为一名架构师,否
八珍汤怎么用,是
鹿茸和什么搭配效果好,是
你好请问，百万医疗险值得买吗,否
茯苓和什么搭配效果好,是
第一次世界大战的导火索！,否
你好，请问，改革开放是哪一年开始的。,否
天冬的作用是什么,是
你好，请问，显示器和电视当显示器哪个好,否
Hi，《汤头歌诀》是什么书？,是
请问，明天星期几,否
英语四六级怎么过,否
炙甘草汤它的功效是啥,是
容积率是什么意思？,否
川芎茶调散怎么用,是
佩兰和什么搭配效果好,是
空气炸锅推荐,否
你好，请问，去三亚玩几天合适,否
讲讲天麻,是
活血化瘀的中药推荐,是
请问，《金匮要略》的主要内容是什么,是
