方剂名称,方剂名称的url
麻黄汤,https://zhongyibaike.com/wiki/麻黄汤
葛根汤,https://zhongyibaike.com/wiki/葛根汤
葛根加半夏汤,https://zhongyibaike.com/wiki/葛根加半夏汤
麻黄加术汤,https://zhongyibaike.com/wiki/麻黄加术汤
桂枝甘草汤,https://zhongyibaike.com/wiki/桂枝甘草汤
桂枝加附子汤,https://zhongyibaike.com/wiki/桂枝加附子汤
桂枝新加汤,https://zhongyibaike.com/wiki/桂枝新加汤
栝楼桂枝汤,https://zhongyibaike.com/wiki/栝楼桂枝汤
桂枝去芍药汤,https://zhongyibaike.com/wiki/桂枝去芍药汤
桂枝去芍药加附子汤,https://zhongyibaike.com/wiki/桂枝去芍药加附子汤
桂枝麻黄各半汤,https://zhongyibaike.com/wiki/桂枝麻黄各半汤
桂枝二麻黄一汤,https://zhongyibaike.com/wiki/桂枝二麻黄一汤
麻黄杏仁薏苡甘草汤,https://zhongyibaike.com/wiki/麻黄杏仁薏苡甘草汤
华盖散,https://zhongyibaike.com/wiki/华盖散
三拗汤,https://zhongyibaike.com/wiki/三拗汤
大青龙汤,https://zhongyibaike.com/wiki/大青龙汤
桂枝汤,https://zhongyibaike.com/wiki/桂枝汤
桂枝加葛根汤,https://zhongyibaike.com/wiki/桂枝加葛根汤
桂枝加厚朴杏子汤,https://zhongyibaike.com/wiki/桂枝加厚朴杏子汤
桂枝二越婢一汤,https://zhongyibaike.com/wiki/桂枝二越婢一汤
桂枝加桂汤,https://zhongyibaike.com/wiki/桂枝加桂汤
桂枝加芍药汤,https://zhongyibaike.com/wiki/桂枝加芍药汤
桂枝加大黄汤,https://zhongyibaike.com/wiki/桂枝加大黄汤
九味羌活汤,https://zhongyibaike.com/wiki/九味羌活汤
大羌活汤,https://zhongyibaike.com/wiki/大羌活汤
止嗽散,https://zhongyibaike.com/wiki/止嗽散
金沸草散,https://zhongyibaike.com/wiki/金沸草散
香苏散,https://zhongyibaike.com/wiki/香苏散
加味香苏散,https://zhongyibaike.com/wiki/加味香苏散
香苏葱豉汤,https://zhongyibaike.com/wiki/香苏葱豉汤
通宣理肺丸,https://zhongyibaike.com/wiki/通宣理肺丸
正柴胡饮,https://zhongyibaike.com/wiki/正柴胡饮
小青龙汤,https://zhongyibaike.com/wiki/小青龙汤
小青龙加石膏汤,https://zhongyibaike.com/wiki/小青龙加石膏汤
射干麻黄汤,https://zhongyibaike.com/wiki/射干麻黄汤
柴胡桂枝汤,https://zhongyibaike.com/wiki/柴胡桂枝汤
紫正散,https://zhongyibaike.com/wiki/紫正散
银翘散,https://zhongyibaike.com/wiki/银翘散
银翘汤,https://zhongyibaike.com/wiki/银翘汤
桑菊饮,https://zhongyibaike.com/wiki/桑菊饮
麻杏甘石汤,https://zhongyibaike.com/wiki/麻杏甘石汤
柴葛解肌汤,https://zhongyibaike.com/wiki/柴葛解肌汤
升麻葛根汤,https://zhongyibaike.com/wiki/升麻葛根汤
竹叶柳蒡汤,https://zhongyibaike.com/wiki/竹叶柳蒡汤
宣毒发表汤,https://zhongyibaike.com/wiki/宣毒发表汤
葱豉桔梗汤,https://zhongyibaike.com/wiki/葱豉桔梗汤
败毒散,https://zhongyibaike.com/wiki/败毒散
仓廪散,https://zhongyibaike.com/wiki/仓廪散
荆防败毒散,https://zhongyibaike.com/wiki/荆防败毒散
参苏饮,https://zhongyibaike.com/wiki/参苏饮
麻黄细辛附子汤,https://zhongyibaike.com/wiki/麻黄细辛附子汤
再造散,https://zhongyibaike.com/wiki/再造散
麻黄附子甘草汤,https://zhongyibaike.com/wiki/麻黄附子甘草汤
加减葳蕤汤,https://zhongyibaike.com/wiki/加减葳蕤汤
千金葳蕤汤,https://zhongyibaike.com/wiki/千金葳蕤汤
葱白七味饮,https://zhongyibaike.com/wiki/葱白七味饮
小续命汤,https://zhongyibaike.com/wiki/小续命汤
续命汤,https://zhongyibaike.com/wiki/续命汤
大承气汤,https://zhongyibaike.com/wiki/大承气汤
小承气汤,https://zhongyibaike.com/wiki/小承气汤
调胃承气汤,https://zhongyibaike.com/wiki/调胃承气汤
复方大承气汤,https://zhongyibaike.com/wiki/复方大承气汤
阑尾清化汤,https://zhongyibaike.com/wiki/阑尾清化汤
阑尾清解汤,https://zhongyibaike.com/wiki/阑尾清解汤
大陷胸丸,https://zhongyibaike.com/wiki/大陷胸丸
大陷胸汤,https://zhongyibaike.com/wiki/大陷胸汤
大黄牡丹汤,https://zhongyibaike.com/wiki/大黄牡丹汤
清肠饮,https://zhongyibaike.com/wiki/清肠饮
阑尾化瘀汤,https://zhongyibaike.com/wiki/阑尾化瘀汤
厚朴三物汤,https://zhongyibaike.com/wiki/厚朴三物汤
厚朴大黄汤,https://zhongyibaike.com/wiki/厚朴大黄汤
大黄附子汤,https://zhongyibaike.com/wiki/大黄附子汤
三物备急丸,https://zhongyibaike.com/wiki/三物备急丸
三物白散,https://zhongyibaike.com/wiki/三物白散
温脾汤,https://zhongyibaike.com/wiki/温脾汤
五仁丸,https://zhongyibaike.com/wiki/五仁丸
麻子仁丸,https://zhongyibaike.com/wiki/麻子仁丸
赭遂攻结汤,https://zhongyibaike.com/wiki/赭遂攻结汤
济川煎,https://zhongyibaike.com/wiki/济川煎
五仁润肠丸,https://zhongyibaike.com/wiki/五仁润肠丸
控涎丹,https://zhongyibaike.com/wiki/控涎丹
十枣汤,https://zhongyibaike.com/wiki/十枣汤
舟车丸,https://zhongyibaike.com/wiki/舟车丸
疏凿饮子,https://zhongyibaike.com/wiki/疏凿饮子
己椒苈黄丸,https://zhongyibaike.com/wiki/己椒苈黄丸
越婢汤,https://zhongyibaike.com/wiki/越婢汤
樟柳散,https://zhongyibaike.com/wiki/樟柳散
珍珀活命丹,https://zhongyibaike.com/wiki/珍珀活命丹
越婢加半夏汤,https://zhongyibaike.com/wiki/越婢加半夏汤
泽漆汤,https://zhongyibaike.com/wiki/泽漆汤
一物瓜蒂汤,https://zhongyibaike.com/wiki/一物瓜蒂汤
新加黄龙汤,https://zhongyibaike.com/wiki/新加黄龙汤
增液承气汤,https://zhongyibaike.com/wiki/增液承气汤
黄龙汤,https://zhongyibaike.com/wiki/黄龙汤
承气养营汤,https://zhongyibaike.com/wiki/承气养营汤
小柴胡汤,https://zhongyibaike.com/wiki/小柴胡汤
柴胡枳桔汤,https://zhongyibaike.com/wiki/柴胡枳桔汤
厚朴七物汤,https://zhongyibaike.com/wiki/厚朴七物汤
大柴胡汤,https://zhongyibaike.com/wiki/大柴胡汤
蒿芩清胆汤,https://zhongyibaike.com/wiki/蒿芩清胆汤
达原饮,https://zhongyibaike.com/wiki/达原饮
清脾饮,https://zhongyibaike.com/wiki/清脾饮
柴胡达原饮,https://zhongyibaike.com/wiki/柴胡达原饮
四逆散,https://zhongyibaike.com/wiki/四逆散
柴胡疏肝散,https://zhongyibaike.com/wiki/柴胡疏肝散
枳实芍药散,https://zhongyibaike.com/wiki/枳实芍药散
芍药甘草汤,https://zhongyibaike.com/wiki/芍药甘草汤
增损逍遥散,https://zhongyibaike.com/wiki/增损逍遥散
黑逍遥散,https://zhongyibaike.com/wiki/黑逍遥散
加味逍遥散,https://zhongyibaike.com/wiki/加味逍遥散
逍遥散,https://zhongyibaike.com/wiki/逍遥散
当归芍药散,https://zhongyibaike.com/wiki/当归芍药散
痛泻要方,https://zhongyibaike.com/wiki/痛泻要方
开郁种玉汤,https://zhongyibaike.com/wiki/开郁种玉汤
白芍甘草汤,https://zhongyibaike.com/wiki/白芍甘草汤
七白散,https://zhongyibaike.com/wiki/七白散
半夏泻心汤,https://zhongyibaike.com/wiki/半夏泻心汤
生姜泻心汤,https://zhongyibaike.com/wiki/生姜泻心汤
甘草泻心汤,https://zhongyibaike.com/wiki/甘草泻心汤
黄连汤,https://zhongyibaike.com/wiki/黄连汤
附子泻心汤,https://zhongyibaike.com/wiki/附子泻心汤
白虎汤,https://zhongyibaike.com/wiki/白虎汤
白虎加人参汤,https://zhongyibaike.com/wiki/白虎加人参汤
白虎加桂枝汤,https://zhongyibaike.com/wiki/白虎加桂枝汤
白虎加苍术汤,https://zhongyibaike.com/wiki/白虎加苍术汤
竹叶石膏汤,https://zhongyibaike.com/wiki/竹叶石膏汤
栀子甘草豉汤,https://zhongyibaike.com/wiki/栀子甘草豉汤
栀子豉汤,https://zhongyibaike.com/wiki/栀子豉汤
栀子生姜豉汤,https://zhongyibaike.com/wiki/栀子生姜豉汤
栀子厚朴汤,https://zhongyibaike.com/wiki/栀子厚朴汤
清营汤,https://zhongyibaike.com/wiki/清营汤
清宫汤,https://zhongyibaike.com/wiki/清宫汤
犀角地黄汤,https://zhongyibaike.com/wiki/犀角地黄汤
化斑汤,https://zhongyibaike.com/wiki/化斑汤
神犀丹,https://zhongyibaike.com/wiki/神犀丹
清经散,https://zhongyibaike.com/wiki/清经散
清血养阴汤,https://zhongyibaike.com/wiki/清血养阴汤
防己地黄汤,https://zhongyibaike.com/wiki/防己地黄汤
脏头丸,https://zhongyibaike.com/wiki/脏头丸
照水丹,https://zhongyibaike.com/wiki/照水丹
黄连解毒汤,https://zhongyibaike.com/wiki/黄连解毒汤
珍宝散,https://zhongyibaike.com/wiki/珍宝散
针头丸,https://zhongyibaike.com/wiki/针头丸
泻心汤,https://zhongyibaike.com/wiki/泻心汤
甘草汤,https://zhongyibaike.com/wiki/甘草汤
栀子金花汤,https://zhongyibaike.com/wiki/栀子金花汤
增明丸,https://zhongyibaike.com/wiki/增明丸
清瘟败毒饮,https://zhongyibaike.com/wiki/清瘟败毒饮
增液解毒汤,https://zhongyibaike.com/wiki/增液解毒汤
皂角散,https://zhongyibaike.com/wiki/皂角散
凉膈散,https://zhongyibaike.com/wiki/凉膈散
普济消毒饮,https://zhongyibaike.com/wiki/普济消毒饮
仙方活命饮,https://zhongyibaike.com/wiki/仙方活命饮
五味消毒饮,https://zhongyibaike.com/wiki/五味消毒饮
四妙勇安汤,https://zhongyibaike.com/wiki/四妙勇安汤
五福化毒丸,https://zhongyibaike.com/wiki/五福化毒丸
温清饮,https://zhongyibaike.com/wiki/温清饮
猪肤汤,https://zhongyibaike.com/wiki/猪肤汤
驻车丸,https://zhongyibaike.com/wiki/驻车丸
六神丸,https://zhongyibaike.com/wiki/六神丸
冰硼散,https://zhongyibaike.com/wiki/冰硼散
内消瘰疬丸,https://zhongyibaike.com/wiki/内消瘰疬丸
牛黄上清丸,https://zhongyibaike.com/wiki/牛黄上清丸
清咽丸,https://zhongyibaike.com/wiki/清咽丸
上清丸,https://zhongyibaike.com/wiki/上清丸
四黄膏,https://zhongyibaike.com/wiki/四黄膏
赤小豆当归散,https://zhongyibaike.com/wiki/赤小豆当归散
紫雪散,https://zhongyibaike.com/wiki/紫雪散
自然铜散,https://zhongyibaike.com/wiki/自然铜散
导赤散,https://zhongyibaike.com/wiki/导赤散
增味导赤散,https://zhongyibaike.com/wiki/增味导赤散
皂刺大黄汤,https://zhongyibaike.com/wiki/皂刺大黄汤
清心莲子饮,https://zhongyibaike.com/wiki/清心莲子饮
泽泻汤,https://zhongyibaike.com/wiki/泽泻汤
泻青丸,https://zhongyibaike.com/wiki/泻青丸
当归龙荟丸,https://zhongyibaike.com/wiki/当归龙荟丸
左金丸,https://zhongyibaike.com/wiki/左金丸
香连丸,https://zhongyibaike.com/wiki/香连丸
戊己丸,https://zhongyibaike.com/wiki/戊己丸
桔梗汤,https://zhongyibaike.com/wiki/桔梗汤
芍药汤,https://zhongyibaike.com/wiki/芍药汤
黄芩汤,https://zhongyibaike.com/wiki/黄芩汤
黄芩加半夏生姜汤,https://zhongyibaike.com/wiki/黄芩加半夏生姜汤
葛根黄芩黄连汤,https://zhongyibaike.com/wiki/葛根黄芩黄连汤
玉女煎,https://zhongyibaike.com/wiki/玉女煎
白头翁汤,https://zhongyibaike.com/wiki/白头翁汤
葶苈大枣泻肺汤,https://zhongyibaike.com/wiki/葶苈大枣泻肺汤
清胃散,https://zhongyibaike.com/wiki/清胃散
泻黄散,https://zhongyibaike.com/wiki/泻黄散
白头翁加甘草阿胶汤,https://zhongyibaike.com/wiki/白头翁加甘草阿胶汤
防风通圣散,https://zhongyibaike.com/wiki/防风通圣散
苇茎汤,https://zhongyibaike.com/wiki/苇茎汤
泻白散,https://zhongyibaike.com/wiki/泻白散
柴胡桂枝干姜汤,https://zhongyibaike.com/wiki/柴胡桂枝干姜汤
五积散,https://zhongyibaike.com/wiki/五积散
石膏汤,https://zhongyibaike.com/wiki/石膏汤
栀子大黄汤,https://zhongyibaike.com/wiki/栀子大黄汤
青蒿鳖甲汤,https://zhongyibaike.com/wiki/青蒿鳖甲汤
清骨散,https://zhongyibaike.com/wiki/清骨散
秦艽鳖甲散,https://zhongyibaike.com/wiki/秦艽鳖甲散
当归六黄汤,https://zhongyibaike.com/wiki/当归六黄汤
百合地黄汤,https://zhongyibaike.com/wiki/百合地黄汤
百合知母汤,https://zhongyibaike.com/wiki/百合知母汤
百合洗方,https://zhongyibaike.com/wiki/百合洗方
滑石代赭汤,https://zhongyibaike.com/wiki/滑石代赭汤
清络饮,https://zhongyibaike.com/wiki/清络饮
香薷散,https://zhongyibaike.com/wiki/香薷散
六一散,https://zhongyibaike.com/wiki/六一散
益元散,https://zhongyibaike.com/wiki/益元散
碧玉散,https://zhongyibaike.com/wiki/碧玉散
鸡苏散,https://zhongyibaike.com/wiki/鸡苏散
桂苓甘露散,https://zhongyibaike.com/wiki/桂苓甘露散
清暑益气汤,https://zhongyibaike.com/wiki/清暑益气汤
理中丸,https://zhongyibaike.com/wiki/理中丸
增损理中丸,https://zhongyibaike.com/wiki/增损理中丸
附子理中丸,https://zhongyibaike.com/wiki/附子理中丸
桂附理中丸,https://zhongyibaike.com/wiki/桂附理中丸
桂枝人参汤,https://zhongyibaike.com/wiki/桂枝人参汤
黄芪建中汤,https://zhongyibaike.com/wiki/黄芪建中汤
吴茱萸汤,https://zhongyibaike.com/wiki/吴茱萸汤
当归建中汤,https://zhongyibaike.com/wiki/当归建中汤
大建中汤,https://zhongyibaike.com/wiki/大建中汤
小建中汤,https://zhongyibaike.com/wiki/小建中汤
理中化痰丸,https://zhongyibaike.com/wiki/理中化痰丸
当归生姜羊肉汤,https://zhongyibaike.com/wiki/当归生姜羊肉汤
四逆汤,https://zhongyibaike.com/wiki/四逆汤
通脉四逆汤,https://zhongyibaike.com/wiki/通脉四逆汤
四逆加人参汤,https://zhongyibaike.com/wiki/四逆加人参汤
回阳救急汤,https://zhongyibaike.com/wiki/回阳救急汤
白通汤,https://zhongyibaike.com/wiki/白通汤
白通加猪胆汁汤,https://zhongyibaike.com/wiki/白通加猪胆汁汤
参附汤,https://zhongyibaike.com/wiki/参附汤
黑锡丹,https://zhongyibaike.com/wiki/黑锡丹
干姜附子汤,https://zhongyibaike.com/wiki/干姜附子汤
茯苓四逆汤,https://zhongyibaike.com/wiki/茯苓四逆汤
乌头赤石脂丸,https://zhongyibaike.com/wiki/乌头赤石脂丸
当归四逆汤,https://zhongyibaike.com/wiki/当归四逆汤
当归四逆加吴茱萸生姜汤,https://zhongyibaike.com/wiki/当归四逆加吴茱萸生姜汤
黄芪桂枝五物汤,https://zhongyibaike.com/wiki/黄芪桂枝五物汤
楂橘丸,https://zhongyibaike.com/wiki/楂橘丸
阳和汤,https://zhongyibaike.com/wiki/阳和汤
中和汤,https://zhongyibaike.com/wiki/中和汤
小金丹,https://zhongyibaike.com/wiki/小金丹
芍药甘草附子汤,https://zhongyibaike.com/wiki/芍药甘草附子汤
乌头汤,https://zhongyibaike.com/wiki/乌头汤
附子粳米汤,https://zhongyibaike.com/wiki/附子粳米汤
赤丸,https://zhongyibaike.com/wiki/赤丸
大乌头煎,https://zhongyibaike.com/wiki/大乌头煎
乌头桂枝汤,https://zhongyibaike.com/wiki/乌头桂枝汤
四君子汤,https://zhongyibaike.com/wiki/四君子汤
掌胃膏,https://zhongyibaike.com/wiki/掌胃膏
黄芪六一汤,https://zhongyibaike.com/wiki/黄芪六一汤
增损肾沥汤,https://zhongyibaike.com/wiki/增损肾沥汤
三才汤,https://zhongyibaike.com/wiki/三才汤
枣参丸,https://zhongyibaike.com/wiki/枣参丸
乌鸡白凤丸,https://zhongyibaike.com/wiki/乌鸡白凤丸
枣肉豆蔻丸,https://zhongyibaike.com/wiki/枣肉豆蔻丸
六君子汤,https://zhongyibaike.com/wiki/六君子汤
香砂六君子汤,https://zhongyibaike.com/wiki/香砂六君子汤
泽兰膏,https://zhongyibaike.com/wiki/泽兰膏
异功散,https://zhongyibaike.com/wiki/异功散
补中益气汤,https://zhongyibaike.com/wiki/补中益气汤
参苓白术散,https://zhongyibaike.com/wiki/参苓白术散
保元汤,https://zhongyibaike.com/wiki/保元汤
七味白术散,https://zhongyibaike.com/wiki/七味白术散
升阳益胃汤,https://zhongyibaike.com/wiki/升阳益胃汤
举元煎,https://zhongyibaike.com/wiki/举元煎
生脉散,https://zhongyibaike.com/wiki/生脉散
升陷汤,https://zhongyibaike.com/wiki/升陷汤
人参胡桃汤,https://zhongyibaike.com/wiki/人参胡桃汤
完带汤,https://zhongyibaike.com/wiki/完带汤
人参蛤蚧散,https://zhongyibaike.com/wiki/人参蛤蚧散
玉屏风散,https://zhongyibaike.com/wiki/玉屏风散
清带汤,https://zhongyibaike.com/wiki/清带汤
易黄汤,https://zhongyibaike.com/wiki/易黄汤
人参健脾丸,https://zhongyibaike.com/wiki/人参健脾丸
苍附六君汤,https://zhongyibaike.com/wiki/苍附六君汤
柴术六君汤,https://zhongyibaike.com/wiki/柴术六君汤
理冲汤,https://zhongyibaike.com/wiki/理冲汤
补肾固冲丸,https://zhongyibaike.com/wiki/补肾固冲丸
足精丸,https://zhongyibaike.com/wiki/足精丸
交泰丸,https://zhongyibaike.com/wiki/交泰丸
四物汤,https://zhongyibaike.com/wiki/四物汤
养精种玉汤,https://zhongyibaike.com/wiki/养精种玉汤
桃红四物汤,https://zhongyibaike.com/wiki/桃红四物汤
贞元饮,https://zhongyibaike.com/wiki/贞元饮
增损当归丸,https://zhongyibaike.com/wiki/增损当归丸
圣愈汤,https://zhongyibaike.com/wiki/圣愈汤
泽兰汤,https://zhongyibaike.com/wiki/泽兰汤
胶艾汤,https://zhongyibaike.com/wiki/胶艾汤
当归补血汤,https://zhongyibaike.com/wiki/当归补血汤
归脾汤,https://zhongyibaike.com/wiki/归脾汤
当归饮子,https://zhongyibaike.com/wiki/当归饮子
胎元饮,https://zhongyibaike.com/wiki/胎元饮
清肝止淋汤,https://zhongyibaike.com/wiki/清肝止淋汤
上下相资汤,https://zhongyibaike.com/wiki/上下相资汤
大营煎,https://zhongyibaike.com/wiki/大营煎
调经种玉汤,https://zhongyibaike.com/wiki/调经种玉汤
人参养荣汤,https://zhongyibaike.com/wiki/人参养荣汤
足卫和荣汤,https://zhongyibaike.com/wiki/足卫和荣汤
增损乐令汤,https://zhongyibaike.com/wiki/增损乐令汤
增损泽兰丸,https://zhongyibaike.com/wiki/增损泽兰丸
增损四物汤,https://zhongyibaike.com/wiki/增损四物汤
八珍汤,https://zhongyibaike.com/wiki/八珍汤
枣仁汤,https://zhongyibaike.com/wiki/枣仁汤
增损柴胡汤,https://zhongyibaike.com/wiki/增损柴胡汤
赞化血余丹,https://zhongyibaike.com/wiki/赞化血余丹
十全大补汤,https://zhongyibaike.com/wiki/十全大补汤
炙甘草汤,https://zhongyibaike.com/wiki/炙甘草汤
加减复脉汤,https://zhongyibaike.com/wiki/加减复脉汤
泰山磐石散,https://zhongyibaike.com/wiki/泰山磐石散
八珍益母丸,https://zhongyibaike.com/wiki/八珍益母丸
固本止崩汤,https://zhongyibaike.com/wiki/固本止崩汤
毓麟珠,https://zhongyibaike.com/wiki/毓麟珠
大补元煎,https://zhongyibaike.com/wiki/大补元煎
玉灵膏,https://zhongyibaike.com/wiki/玉灵膏
通乳丹,https://zhongyibaike.com/wiki/通乳丹
救坤丹,https://zhongyibaike.com/wiki/救坤丹
六味地黄丸,https://zhongyibaike.com/wiki/六味地黄丸
知柏地黄丸,https://zhongyibaike.com/wiki/知柏地黄丸
都气丸,https://zhongyibaike.com/wiki/都气丸
麦味地黄丸,https://zhongyibaike.com/wiki/麦味地黄丸
杞菊地黄丸,https://zhongyibaike.com/wiki/杞菊地黄丸
明目地黄丸,https://zhongyibaike.com/wiki/明目地黄丸
补肾固齿丸,https://zhongyibaike.com/wiki/补肾固齿丸
左归丸,https://zhongyibaike.com/wiki/左归丸
左归饮,https://zhongyibaike.com/wiki/左归饮
一贯煎,https://zhongyibaike.com/wiki/一贯煎
大补阴丸,https://zhongyibaike.com/wiki/大补阴丸
虎潜丸,https://zhongyibaike.com/wiki/虎潜丸
二至丸,https://zhongyibaike.com/wiki/二至丸
桑麻丸,https://zhongyibaike.com/wiki/桑麻丸
月华丸,https://zhongyibaike.com/wiki/月华丸
补肺阿胶汤,https://zhongyibaike.com/wiki/补肺阿胶汤
石斛夜光丸,https://zhongyibaike.com/wiki/石斛夜光丸
蛤蚧定喘丸,https://zhongyibaike.com/wiki/蛤蚧定喘丸
保阴煎,https://zhongyibaike.com/wiki/保阴煎
引火汤,https://zhongyibaike.com/wiki/引火汤
黄连阿胶汤,https://zhongyibaike.com/wiki/黄连阿胶汤
肾气丸,https://zhongyibaike.com/wiki/肾气丸
二仙汤,https://zhongyibaike.com/wiki/二仙汤
济生肾气丸,https://zhongyibaike.com/wiki/济生肾气丸
增益八味丸,https://zhongyibaike.com/wiki/增益八味丸
十补丸,https://zhongyibaike.com/wiki/十补丸
右归饮,https://zhongyibaike.com/wiki/右归饮
右归丸,https://zhongyibaike.com/wiki/右归丸
温胞饮,https://zhongyibaike.com/wiki/温胞饮
秃鸡散,https://zhongyibaike.com/wiki/秃鸡散
补天大造丸,https://zhongyibaike.com/wiki/补天大造丸
青蛾丸,https://zhongyibaike.com/wiki/青蛾丸
地黄饮子,https://zhongyibaike.com/wiki/地黄饮子
龟鹿二仙胶,https://zhongyibaike.com/wiki/龟鹿二仙胶
七宝美髯丹,https://zhongyibaike.com/wiki/七宝美髯丹
抗骨增生丸,https://zhongyibaike.com/wiki/抗骨增生丸
赞育丹,https://zhongyibaike.com/wiki/赞育丹
翟平薯蓣丸,https://zhongyibaike.com/wiki/翟平薯蓣丸
牡蛎散,https://zhongyibaike.com/wiki/牡蛎散
九仙散,https://zhongyibaike.com/wiki/九仙散
真人养脏汤,https://zhongyibaike.com/wiki/真人养脏汤
燥肠丸,https://zhongyibaike.com/wiki/燥肠丸
赤石脂禹余粮汤,https://zhongyibaike.com/wiki/赤石脂禹余粮汤
桃花汤,https://zhongyibaike.com/wiki/桃花汤
四神丸,https://zhongyibaike.com/wiki/四神丸
金锁固精丸,https://zhongyibaike.com/wiki/金锁固精丸
锁阳固精丸,https://zhongyibaike.com/wiki/锁阳固精丸
水陆二仙丹,https://zhongyibaike.com/wiki/水陆二仙丹
缩泉丸,https://zhongyibaike.com/wiki/缩泉丸
桑螵蛸散,https://zhongyibaike.com/wiki/桑螵蛸散
五子衍宗丸,https://zhongyibaike.com/wiki/五子衍宗丸
封髓丹,https://zhongyibaike.com/wiki/封髓丹
寿胎丸,https://zhongyibaike.com/wiki/寿胎丸
固冲汤,https://zhongyibaike.com/wiki/固冲汤
固经丸,https://zhongyibaike.com/wiki/固经丸
震灵丹,https://zhongyibaike.com/wiki/震灵丹
朱砂安神丸,https://zhongyibaike.com/wiki/朱砂安神丸
磁朱丸,https://zhongyibaike.com/wiki/磁朱丸
生铁落饮,https://zhongyibaike.com/wiki/生铁落饮
珍珠母丸,https://zhongyibaike.com/wiki/珍珠母丸
柴胡加龙骨牡蛎汤,https://zhongyibaike.com/wiki/柴胡加龙骨牡蛎汤
牛黄抱龙丸,https://zhongyibaike.com/wiki/牛黄抱龙丸
桂枝甘草龙骨牡蛎汤,https://zhongyibaike.com/wiki/桂枝甘草龙骨牡蛎汤
桂枝去芍药加蜀漆牡蛎龙骨救逆汤,https://zhongyibaike.com/wiki/桂枝去芍药加蜀漆牡蛎龙骨救逆汤
风引汤,https://zhongyibaike.com/wiki/风引汤
天王补心丹,https://zhongyibaike.com/wiki/天王补心丹
柏子养心丸,https://zhongyibaike.com/wiki/柏子养心丸
枕中丹,https://zhongyibaike.com/wiki/枕中丹
酸枣仁汤,https://zhongyibaike.com/wiki/酸枣仁汤
定志丸,https://zhongyibaike.com/wiki/定志丸
甘麦大枣汤,https://zhongyibaike.com/wiki/甘麦大枣汤
安神补心丸,https://zhongyibaike.com/wiki/安神补心丸
安宫牛黄丸,https://zhongyibaike.com/wiki/安宫牛黄丸
牛黄清心丸,https://zhongyibaike.com/wiki/牛黄清心丸
紫雪丹,https://zhongyibaike.com/wiki/紫雪丹
十香返生丸,https://zhongyibaike.com/wiki/十香返生丸
小儿回春丹,https://zhongyibaike.com/wiki/小儿回春丹
行军散,https://zhongyibaike.com/wiki/行军散
至宝丹,https://zhongyibaike.com/wiki/至宝丹
人丹,https://zhongyibaike.com/wiki/人丹
麝香保心丸,https://zhongyibaike.com/wiki/麝香保心丸
苏合香丸,https://zhongyibaike.com/wiki/苏合香丸
紫金锭,https://zhongyibaike.com/wiki/紫金锭
冠心苏合丸,https://zhongyibaike.com/wiki/冠心苏合丸
越鞠丸,https://zhongyibaike.com/wiki/越鞠丸
瓜蒌薤白半夏汤,https://zhongyibaike.com/wiki/瓜蒌薤白半夏汤
瓜蒌薤白白酒汤,https://zhongyibaike.com/wiki/瓜蒌薤白白酒汤
增味四物汤,https://zhongyibaike.com/wiki/增味四物汤
金铃子散,https://zhongyibaike.com/wiki/金铃子散
珍宝饮,https://zhongyibaike.com/wiki/珍宝饮
延胡索汤,https://zhongyibaike.com/wiki/延胡索汤
良附丸,https://zhongyibaike.com/wiki/良附丸
半夏厚朴汤,https://zhongyibaike.com/wiki/半夏厚朴汤
厚朴温中汤,https://zhongyibaike.com/wiki/厚朴温中汤
天台乌药散,https://zhongyibaike.com/wiki/天台乌药散
暖肝煎,https://zhongyibaike.com/wiki/暖肝煎
橘核丸,https://zhongyibaike.com/wiki/橘核丸
四磨汤,https://zhongyibaike.com/wiki/四磨汤
定喘汤,https://zhongyibaike.com/wiki/定喘汤
导气汤,https://zhongyibaike.com/wiki/导气汤
三层茴香丸,https://zhongyibaike.com/wiki/三层茴香丸
五磨饮子,https://zhongyibaike.com/wiki/五磨饮子
香砂养胃丸,https://zhongyibaike.com/wiki/香砂养胃丸
茴香橘核丸,https://zhongyibaike.com/wiki/茴香橘核丸
越鞠保和丸,https://zhongyibaike.com/wiki/越鞠保和丸
木香顺气丸,https://zhongyibaike.com/wiki/木香顺气丸
香棱丸,https://zhongyibaike.com/wiki/香棱丸
乌药汤,https://zhongyibaike.com/wiki/乌药汤
橘皮丸,https://zhongyibaike.com/wiki/橘皮丸
枣肉平胃散,https://zhongyibaike.com/wiki/枣肉平胃散
苏子降气汤,https://zhongyibaike.com/wiki/苏子降气汤
小半夏汤,https://zhongyibaike.com/wiki/小半夏汤
小半夏加茯苓汤,https://zhongyibaike.com/wiki/小半夏加茯苓汤
大半夏汤,https://zhongyibaike.com/wiki/大半夏汤
干姜人参半夏丸,https://zhongyibaike.com/wiki/干姜人参半夏丸
旋覆代赭汤,https://zhongyibaike.com/wiki/旋覆代赭汤
橘皮竹茹汤,https://zhongyibaike.com/wiki/橘皮竹茹汤
丁香柿蒂汤,https://zhongyibaike.com/wiki/丁香柿蒂汤
新制橘皮竹茹汤,https://zhongyibaike.com/wiki/新制橘皮竹茹汤
厚朴麻黄汤,https://zhongyibaike.com/wiki/厚朴麻黄汤
枳实薤白桂枝汤,https://zhongyibaike.com/wiki/枳实薤白桂枝汤
茯苓杏仁甘草汤,https://zhongyibaike.com/wiki/茯苓杏仁甘草汤
橘枳姜汤,https://zhongyibaike.com/wiki/橘枳姜汤
桂枝生姜枳实汤,https://zhongyibaike.com/wiki/桂枝生姜枳实汤
大桂汤,https://zhongyibaike.com/wiki/大桂汤
桃核承气汤,https://zhongyibaike.com/wiki/桃核承气汤
增损启膈散,https://zhongyibaike.com/wiki/增损启膈散
下瘀血汤,https://zhongyibaike.com/wiki/下瘀血汤
大黄蛰虫丸,https://zhongyibaike.com/wiki/大黄蛰虫丸
杖疮珍珠散,https://zhongyibaike.com/wiki/杖疮珍珠散
蟅虫散,https://zhongyibaike.com/wiki/蟅虫散
泽兰散,https://zhongyibaike.com/wiki/泽兰散
大成汤,https://zhongyibaike.com/wiki/大成汤
血府逐瘀汤,https://zhongyibaike.com/wiki/血府逐瘀汤
通窍活血汤,https://zhongyibaike.com/wiki/通窍活血汤
展筋丹,https://zhongyibaike.com/wiki/展筋丹
膈下逐瘀汤,https://zhongyibaike.com/wiki/膈下逐瘀汤
少腹逐瘀汤,https://zhongyibaike.com/wiki/少腹逐瘀汤
身痛逐瘀汤,https://zhongyibaike.com/wiki/身痛逐瘀汤
补阳还五汤,https://zhongyibaike.com/wiki/补阳还五汤
七厘散,https://zhongyibaike.com/wiki/七厘散
复原活血汤,https://zhongyibaike.com/wiki/复原活血汤
温经汤,https://zhongyibaike.com/wiki/温经汤
艾附暖宫丸,https://zhongyibaike.com/wiki/艾附暖宫丸
生化汤,https://zhongyibaike.com/wiki/生化汤
失笑散,https://zhongyibaike.com/wiki/失笑散
活络效灵丹,https://zhongyibaike.com/wiki/活络效灵丹
手拈散,https://zhongyibaike.com/wiki/手拈散
丹参饮,https://zhongyibaike.com/wiki/丹参饮
鳖甲煎丸,https://zhongyibaike.com/wiki/鳖甲煎丸
桂枝茯苓丸,https://zhongyibaike.com/wiki/桂枝茯苓丸
阿魏化痞膏,https://zhongyibaike.com/wiki/阿魏化痞膏
速效救心丸,https://zhongyibaike.com/wiki/速效救心丸
活血止痛散,https://zhongyibaike.com/wiki/活血止痛散
麝香追风膏,https://zhongyibaike.com/wiki/麝香追风膏
跌打丸,https://zhongyibaike.com/wiki/跌打丸
坎离砂,https://zhongyibaike.com/wiki/坎离砂
正骨紫金丹,https://zhongyibaike.com/wiki/正骨紫金丹
生血补髓汤,https://zhongyibaike.com/wiki/生血补髓汤
黎洞丸,https://zhongyibaike.com/wiki/黎洞丸
定痛和血汤,https://zhongyibaike.com/wiki/定痛和血汤
双柏散,https://zhongyibaike.com/wiki/双柏散
银花蕺菜饮,https://zhongyibaike.com/wiki/银花蕺菜饮
清热调血汤,https://zhongyibaike.com/wiki/清热调血汤
四味汤,https://zhongyibaike.com/wiki/四味汤
舒筋活血汤,https://zhongyibaike.com/wiki/舒筋活血汤
抵当汤,https://zhongyibaike.com/wiki/抵当汤
自生饮,https://zhongyibaike.com/wiki/自生饮
四生丸,https://zhongyibaike.com/wiki/四生丸
十灰散,https://zhongyibaike.com/wiki/十灰散
咳血方,https://zhongyibaike.com/wiki/咳血方
小蓟饮子,https://zhongyibaike.com/wiki/小蓟饮子
障脐汤,https://zhongyibaike.com/wiki/障脐汤
珍珠八宝丹,https://zhongyibaike.com/wiki/珍珠八宝丹
槐角丸,https://zhongyibaike.com/wiki/槐角丸
黄土汤,https://zhongyibaike.com/wiki/黄土汤
槐花散,https://zhongyibaike.com/wiki/槐花散
地榆槐角丸,https://zhongyibaike.com/wiki/地榆槐角丸
脏连丸,https://zhongyibaike.com/wiki/脏连丸
三七止血汤,https://zhongyibaike.com/wiki/三七止血汤
养阴止血汤,https://zhongyibaike.com/wiki/养阴止血汤
清经止血汤,https://zhongyibaike.com/wiki/清经止血汤
清胃止血汤,https://zhongyibaike.com/wiki/清胃止血汤
棕灰散,https://zhongyibaike.com/wiki/棕灰散
川芎茶调散,https://zhongyibaike.com/wiki/川芎茶调散
苍耳子散,https://zhongyibaike.com/wiki/苍耳子散
菊花茶调散,https://zhongyibaike.com/wiki/菊花茶调散
大秦艽汤,https://zhongyibaike.com/wiki/大秦艽汤
小活络丹,https://zhongyibaike.com/wiki/小活络丹
大活络丹,https://zhongyibaike.com/wiki/大活络丹
牵正散,https://zhongyibaike.com/wiki/牵正散
止痉散,https://zhongyibaike.com/wiki/止痉散
消风散,https://zhongyibaike.com/wiki/消风散
五虎追风散,https://zhongyibaike.com/wiki/五虎追风散
醉仙汤,https://zhongyibaike.com/wiki/醉仙汤
玉真散,https://zhongyibaike.com/wiki/玉真散
木瓜丸,https://zhongyibaike.com/wiki/木瓜丸
明目上清丸,https://zhongyibaike.com/wiki/明目上清丸
拨云退翳丸,https://zhongyibaike.com/wiki/拨云退翳丸
青州白丸子,https://zhongyibaike.com/wiki/青州白丸子
消风汤,https://zhongyibaike.com/wiki/消风汤
羚角钩藤汤,https://zhongyibaike.com/wiki/羚角钩藤汤
钩藤饮,https://zhongyibaike.com/wiki/钩藤饮
蚱蝉散,https://zhongyibaike.com/wiki/蚱蝉散
蚱蝉汤,https://zhongyibaike.com/wiki/蚱蝉汤
镇肝熄风汤,https://zhongyibaike.com/wiki/镇肝熄风汤
建瓴汤,https://zhongyibaike.com/wiki/建瓴汤
天麻钩藤饮,https://zhongyibaike.com/wiki/天麻钩藤饮
大定风珠,https://zhongyibaike.com/wiki/大定风珠
三甲复脉汤,https://zhongyibaike.com/wiki/三甲复脉汤
阿胶鸡子黄汤,https://zhongyibaike.com/wiki/阿胶鸡子黄汤
小定风珠,https://zhongyibaike.com/wiki/小定风珠
杏苏散,https://zhongyibaike.com/wiki/杏苏散
桑杏汤,https://zhongyibaike.com/wiki/桑杏汤
清燥救肺汤,https://zhongyibaike.com/wiki/清燥救肺汤
翘荷汤,https://zhongyibaike.com/wiki/翘荷汤
沙参麦冬汤,https://zhongyibaike.com/wiki/沙参麦冬汤
增液汤,https://zhongyibaike.com/wiki/增液汤
泽肤膏,https://zhongyibaike.com/wiki/泽肤膏
增液润燥汤,https://zhongyibaike.com/wiki/增液润燥汤
麦门冬汤,https://zhongyibaike.com/wiki/麦门冬汤
增液麻仁汤,https://zhongyibaike.com/wiki/增液麻仁汤
五汁饮,https://zhongyibaike.com/wiki/五汁饮
玉液汤,https://zhongyibaike.com/wiki/玉液汤
益胃汤,https://zhongyibaike.com/wiki/益胃汤
养阴清肺汤,https://zhongyibaike.com/wiki/养阴清肺汤
琼玉膏,https://zhongyibaike.com/wiki/琼玉膏
百合固金汤,https://zhongyibaike.com/wiki/百合固金汤
铁笛丸,https://zhongyibaike.com/wiki/铁笛丸
两地汤,https://zhongyibaike.com/wiki/两地汤
百合鸡子汤,https://zhongyibaike.com/wiki/百合鸡子汤
栝楼牡蛎散,https://zhongyibaike.com/wiki/栝楼牡蛎散
平胃散,https://zhongyibaike.com/wiki/平胃散
不换金正气散,https://zhongyibaike.com/wiki/不换金正气散
藿香正气散,https://zhongyibaike.com/wiki/藿香正气散
柴平汤,https://zhongyibaike.com/wiki/柴平汤
六和汤,https://zhongyibaike.com/wiki/六和汤
香砂胃苓汤,https://zhongyibaike.com/wiki/香砂胃苓汤
厚姜半甘参汤,https://zhongyibaike.com/wiki/厚姜半甘参汤
燥阴散,https://zhongyibaike.com/wiki/燥阴散
茵陈蒿汤,https://zhongyibaike.com/wiki/茵陈蒿汤
栀子柏皮汤,https://zhongyibaike.com/wiki/栀子柏皮汤
茵陈四逆汤,https://zhongyibaike.com/wiki/茵陈四逆汤
斩梦丹,https://zhongyibaike.com/wiki/斩梦丹
八正散,https://zhongyibaike.com/wiki/八正散
五淋散,https://zhongyibaike.com/wiki/五淋散
三仁汤,https://zhongyibaike.com/wiki/三仁汤
藿朴夏苓汤,https://zhongyibaike.com/wiki/藿朴夏苓汤
黄芩滑石汤,https://zhongyibaike.com/wiki/黄芩滑石汤
甘露消毒丹,https://zhongyibaike.com/wiki/甘露消毒丹
连朴饮,https://zhongyibaike.com/wiki/连朴饮
拈痛汤,https://zhongyibaike.com/wiki/拈痛汤
宣痹汤,https://zhongyibaike.com/wiki/宣痹汤
二妙散,https://zhongyibaike.com/wiki/二妙散
三妙丸,https://zhongyibaike.com/wiki/三妙丸
四妙丸,https://zhongyibaike.com/wiki/四妙丸
蚕矢汤,https://zhongyibaike.com/wiki/蚕矢汤
白带汤,https://zhongyibaike.com/wiki/白带汤
止带方,https://zhongyibaike.com/wiki/止带方
除湿胃苓汤,https://zhongyibaike.com/wiki/除湿胃苓汤
三黄洗剂,https://zhongyibaike.com/wiki/三黄洗剂
五苓散,https://zhongyibaike.com/wiki/五苓散
四苓散,https://zhongyibaike.com/wiki/四苓散
胃苓汤,https://zhongyibaike.com/wiki/胃苓汤
泽漆丸,https://zhongyibaike.com/wiki/泽漆丸
茵陈五苓散,https://zhongyibaike.com/wiki/茵陈五苓散
泽泻散,https://zhongyibaike.com/wiki/泽泻散
猪苓汤,https://zhongyibaike.com/wiki/猪苓汤
防己黄芪汤,https://zhongyibaike.com/wiki/防己黄芪汤
防己茯苓汤,https://zhongyibaike.com/wiki/防己茯苓汤
五皮散,https://zhongyibaike.com/wiki/五皮散
五皮饮,https://zhongyibaike.com/wiki/五皮饮
茯苓甘草汤,https://zhongyibaike.com/wiki/茯苓甘草汤
百合滑石散,https://zhongyibaike.com/wiki/百合滑石散
苓桂术甘汤,https://zhongyibaike.com/wiki/苓桂术甘汤
甘草干姜茯苓白术汤,https://zhongyibaike.com/wiki/甘草干姜茯苓白术汤
败酱散,https://zhongyibaike.com/wiki/败酱散
真武汤,https://zhongyibaike.com/wiki/真武汤
实脾散,https://zhongyibaike.com/wiki/实脾散
萆薢分清饮,https://zhongyibaike.com/wiki/萆薢分清饮
羌活胜湿汤,https://zhongyibaike.com/wiki/羌活胜湿汤
珍宝三生丹,https://zhongyibaike.com/wiki/珍宝三生丹
增补省风汤,https://zhongyibaike.com/wiki/增补省风汤
蠲痹汤,https://zhongyibaike.com/wiki/蠲痹汤
独活寄生汤,https://zhongyibaike.com/wiki/独活寄生汤
八风续命汤,https://zhongyibaike.com/wiki/八风续命汤
三痹汤,https://zhongyibaike.com/wiki/三痹汤
鸡鸣散,https://zhongyibaike.com/wiki/鸡鸣散
桂枝芍药知母汤,https://zhongyibaike.com/wiki/桂枝芍药知母汤
铁骨丹,https://zhongyibaike.com/wiki/铁骨丹
桂枝附子汤,https://zhongyibaike.com/wiki/桂枝附子汤
白术附子汤,https://zhongyibaike.com/wiki/白术附子汤
甘草附子汤,https://zhongyibaike.com/wiki/甘草附子汤
紫葳汤,https://zhongyibaike.com/wiki/紫葳汤
足踏丸,https://zhongyibaike.com/wiki/足踏丸
二陈汤,https://zhongyibaike.com/wiki/二陈汤
导痰汤,https://zhongyibaike.com/wiki/导痰汤
涤痰汤,https://zhongyibaike.com/wiki/涤痰汤
金水六君煎,https://zhongyibaike.com/wiki/金水六君煎
温胆汤,https://zhongyibaike.com/wiki/温胆汤
赭决九味汤,https://zhongyibaike.com/wiki/赭决九味汤
枣子绿矾丸,https://zhongyibaike.com/wiki/枣子绿矾丸
十味温胆汤,https://zhongyibaike.com/wiki/十味温胆汤
茯苓丸,https://zhongyibaike.com/wiki/茯苓丸
苍附导痰丸,https://zhongyibaike.com/wiki/苍附导痰丸
启宫丸,https://zhongyibaike.com/wiki/启宫丸
皂角化痰丸,https://zhongyibaike.com/wiki/皂角化痰丸
散聚汤,https://zhongyibaike.com/wiki/散聚汤
三棱煎,https://zhongyibaike.com/wiki/三棱煎
芎归二陈汤,https://zhongyibaike.com/wiki/芎归二陈汤
苦酒汤,https://zhongyibaike.com/wiki/苦酒汤
清气化痰丸,https://zhongyibaike.com/wiki/清气化痰丸
清金降火汤,https://zhongyibaike.com/wiki/清金降火汤
小陷胸汤,https://zhongyibaike.com/wiki/小陷胸汤
柴胡陷胸汤,https://zhongyibaike.com/wiki/柴胡陷胸汤
滚痰丸,https://zhongyibaike.com/wiki/滚痰丸
清肺汤,https://zhongyibaike.com/wiki/清肺汤
浙贝蛋,https://zhongyibaike.com/wiki/浙贝蛋
七珍丹,https://zhongyibaike.com/wiki/七珍丹
消瘰丸,https://zhongyibaike.com/wiki/消瘰丸
贝母瓜蒌散,https://zhongyibaike.com/wiki/贝母瓜蒌散
苓甘五味姜辛汤,https://zhongyibaike.com/wiki/苓甘五味姜辛汤
冷哮丸,https://zhongyibaike.com/wiki/冷哮丸
三子养亲汤,https://zhongyibaike.com/wiki/三子养亲汤
半夏白术天麻汤,https://zhongyibaike.com/wiki/半夏白术天麻汤
定痫丸,https://zhongyibaike.com/wiki/定痫丸
皂荚丸,https://zhongyibaike.com/wiki/皂荚丸
半夏散,https://zhongyibaike.com/wiki/半夏散
保和丸,https://zhongyibaike.com/wiki/保和丸
枳实导滞丸,https://zhongyibaike.com/wiki/枳实导滞丸
木香槟榔丸,https://zhongyibaike.com/wiki/木香槟榔丸
开胸顺气丸,https://zhongyibaike.com/wiki/开胸顺气丸
大山楂丸,https://zhongyibaike.com/wiki/大山楂丸
健脾丸,https://zhongyibaike.com/wiki/健脾丸
枳术丸,https://zhongyibaike.com/wiki/枳术丸
资生丸,https://zhongyibaike.com/wiki/资生丸
曲蘗枳术丸,https://zhongyibaike.com/wiki/曲蘗枳术丸
橘半枳术丸,https://zhongyibaike.com/wiki/橘半枳术丸
香砂枳术丸,https://zhongyibaike.com/wiki/香砂枳术丸
枳实消痞丸,https://zhongyibaike.com/wiki/枳实消痞丸
胵黄散,https://zhongyibaike.com/wiki/胵黄散
葛花解酒汤,https://zhongyibaike.com/wiki/葛花解酒汤
十六味地黄丸,https://zhongyibaike.com/wiki/十六味地黄丸
健脾养胃丸,https://zhongyibaike.com/wiki/健脾养胃丸
乌梅丸,https://zhongyibaike.com/wiki/乌梅丸
理中安蛔汤,https://zhongyibaike.com/wiki/理中安蛔汤
连梅安蛔汤,https://zhongyibaike.com/wiki/连梅安蛔汤
肥儿丸,https://zhongyibaike.com/wiki/肥儿丸
布袋丸,https://zhongyibaike.com/wiki/布袋丸
化虫丸,https://zhongyibaike.com/wiki/化虫丸
伐木丸,https://zhongyibaike.com/wiki/伐木丸
瓜蒂散,https://zhongyibaike.com/wiki/瓜蒂散
三圣散,https://zhongyibaike.com/wiki/三圣散
救急稀涎散,https://zhongyibaike.com/wiki/救急稀涎散
盐汤探吐方,https://zhongyibaike.com/wiki/盐汤探吐方
牛蒡解肌汤,https://zhongyibaike.com/wiki/牛蒡解肌汤
海藻玉壶汤,https://zhongyibaike.com/wiki/海藻玉壶汤
蟾酥丸,https://zhongyibaike.com/wiki/蟾酥丸
连翘败毒散,https://zhongyibaike.com/wiki/连翘败毒散
银花解毒汤,https://zhongyibaike.com/wiki/银花解毒汤
犀黄丸,https://zhongyibaike.com/wiki/犀黄丸
醒消丸,https://zhongyibaike.com/wiki/醒消丸
神效托里散,https://zhongyibaike.com/wiki/神效托里散
五神汤,https://zhongyibaike.com/wiki/五神汤
托里透脓汤,https://zhongyibaike.com/wiki/托里透脓汤
透脓散,https://zhongyibaike.com/wiki/透脓散
薏苡附子败酱散,https://zhongyibaike.com/wiki/薏苡附子败酱散
薏苡仁汤,https://zhongyibaike.com/wiki/薏苡仁汤
内补黄耆汤,https://zhongyibaike.com/wiki/内补黄耆汤
如意金黄散,https://zhongyibaike.com/wiki/如意金黄散
拔毒生肌散,https://zhongyibaike.com/wiki/拔毒生肌散
四生散,https://zhongyibaike.com/wiki/四生散
牡丹散,https://zhongyibaike.com/wiki/牡丹散
生肌玉红膏,https://zhongyibaike.com/wiki/生肌玉红膏
保心丹,https://zhongyibaike.com/wiki/保心丹
内消连翘丸,https://zhongyibaike.com/wiki/内消连翘丸
紫阳丹,https://zhongyibaike.com/wiki/紫阳丹
长肉生肌散,https://zhongyibaike.com/wiki/长肉生肌散
藻药散,https://zhongyibaike.com/wiki/藻药散
皂刺散,https://zhongyibaike.com/wiki/皂刺散
皂角苦参丸,https://zhongyibaike.com/wiki/皂角苦参丸
燥湿丹,https://zhongyibaike.com/wiki/燥湿丹
泽及汤,https://zhongyibaike.com/wiki/泽及汤
樟脑丹,https://zhongyibaike.com/wiki/樟脑丹
针头散,https://zhongyibaike.com/wiki/针头散
