中药名称,中药名称对应的URL
羌活,https://zhongyibaike.com/wiki/羌活
细辛,https://zhongyibaike.com/wiki/细辛
藁本,https://zhongyibaike.com/wiki/藁本
葱白,https://zhongyibaike.com/wiki/葱白
葱叶,https://zhongyibaike.com/wiki/葱叶
鹅不食草,https://zhongyibaike.com/wiki/鹅不食草
葱须,https://zhongyibaike.com/wiki/葱须
防风,https://zhongyibaike.com/wiki/防风
荆芥,https://zhongyibaike.com/wiki/荆芥
麻黄,https://zhongyibaike.com/wiki/麻黄
桂枝,https://zhongyibaike.com/wiki/桂枝
紫苏叶,https://zhongyibaike.com/wiki/紫苏叶
香薷,https://zhongyibaike.com/wiki/香薷
生姜,https://zhongyibaike.com/wiki/生姜
白芷,https://zhongyibaike.com/wiki/白芷
苍耳子,https://zhongyibaike.com/wiki/苍耳子
辛夷,https://zhongyibaike.com/wiki/辛夷
杜衡,https://zhongyibaike.com/wiki/杜衡
生藤,https://zhongyibaike.com/wiki/生藤
芫荽子,https://zhongyibaike.com/wiki/芫荽子
薄荷,https://zhongyibaike.com/wiki/薄荷
牛蒡子,https://zhongyibaike.com/wiki/牛蒡子
蝉蜕,https://zhongyibaike.com/wiki/蝉蜕
桑叶,https://zhongyibaike.com/wiki/桑叶
菊花,https://zhongyibaike.com/wiki/菊花
胡荽,https://zhongyibaike.com/wiki/胡荽
柽柳,https://zhongyibaike.com/wiki/柽柳
蔓荆子,https://zhongyibaike.com/wiki/蔓荆子
柴胡,https://zhongyibaike.com/wiki/柴胡
升麻,https://zhongyibaike.com/wiki/升麻
葛根,https://zhongyibaike.com/wiki/葛根
淡豆豉,https://zhongyibaike.com/wiki/淡豆豉
大豆黄卷,https://zhongyibaike.com/wiki/大豆黄卷
浮萍,https://zhongyibaike.com/wiki/浮萍
木贼,https://zhongyibaike.com/wiki/木贼
蕤仁,https://zhongyibaike.com/wiki/蕤仁
酒瓶花,https://zhongyibaike.com/wiki/酒瓶花
青鱼胆草,https://zhongyibaike.com/wiki/青鱼胆草
石防风,https://zhongyibaike.com/wiki/石防风
东南长蒴苣苔,https://zhongyibaike.com/wiki/东南长蒴苣苔
羊舌树,https://zhongyibaike.com/wiki/羊舌树
九仙草,https://zhongyibaike.com/wiki/九仙草
樱桃核,https://zhongyibaike.com/wiki/樱桃核
茉莉叶,https://zhongyibaike.com/wiki/茉莉叶
金蝉花,https://zhongyibaike.com/wiki/金蝉花
苦丁茶,https://zhongyibaike.com/wiki/苦丁茶
石膏,https://zhongyibaike.com/wiki/石膏
寒水石,https://zhongyibaike.com/wiki/寒水石
鸭跖草,https://zhongyibaike.com/wiki/鸭跖草
密蒙花,https://zhongyibaike.com/wiki/密蒙花
青葙子,https://zhongyibaike.com/wiki/青葙子
蔗鸡,https://zhongyibaike.com/wiki/蔗鸡
知母,https://zhongyibaike.com/wiki/知母
芦根,https://zhongyibaike.com/wiki/芦根
天花粉,https://zhongyibaike.com/wiki/天花粉
淡竹叶,https://zhongyibaike.com/wiki/淡竹叶
栀子,https://zhongyibaike.com/wiki/栀子
夏枯草,https://zhongyibaike.com/wiki/夏枯草
决明子,https://zhongyibaike.com/wiki/决明子
谷精草,https://zhongyibaike.com/wiki/谷精草
人中白,https://zhongyibaike.com/wiki/人中白
秋石,https://zhongyibaike.com/wiki/秋石
咸秋石,https://zhongyibaike.com/wiki/咸秋石
芦竹笋,https://zhongyibaike.com/wiki/芦竹笋
车桑子根,https://zhongyibaike.com/wiki/车桑子根
功劳木,https://zhongyibaike.com/wiki/功劳木
黄芩,https://zhongyibaike.com/wiki/黄芩
黄连,https://zhongyibaike.com/wiki/黄连
黄柏,https://zhongyibaike.com/wiki/黄柏
龙胆,https://zhongyibaike.com/wiki/龙胆
蚌粉,https://zhongyibaike.com/wiki/蚌粉
苦参,https://zhongyibaike.com/wiki/苦参
秦皮,https://zhongyibaike.com/wiki/秦皮
白背叶根,https://zhongyibaike.com/wiki/白背叶根
白鲜皮,https://zhongyibaike.com/wiki/白鲜皮
马尾连,https://zhongyibaike.com/wiki/马尾连
三颗针,https://zhongyibaike.com/wiki/三颗针
当药,https://zhongyibaike.com/wiki/当药
败毒草,https://zhongyibaike.com/wiki/败毒草
水鳖,https://zhongyibaike.com/wiki/水鳖
金银花,https://zhongyibaike.com/wiki/金银花
翼首草,https://zhongyibaike.com/wiki/翼首草
连翘,https://zhongyibaike.com/wiki/连翘
通光散,https://zhongyibaike.com/wiki/通光散
火炭母草,https://zhongyibaike.com/wiki/火炭母草
大过路黄,https://zhongyibaike.com/wiki/大过路黄
开口箭,https://zhongyibaike.com/wiki/开口箭
粉苞苣,https://zhongyibaike.com/wiki/粉苞苣
木槿花,https://zhongyibaike.com/wiki/木槿花
黄花稔,https://zhongyibaike.com/wiki/黄花稔
了哥王,https://zhongyibaike.com/wiki/了哥王
十大功劳叶,https://zhongyibaike.com/wiki/十大功劳叶
鹿茸草,https://zhongyibaike.com/wiki/鹿茸草
朱砂七,https://zhongyibaike.com/wiki/朱砂七
犁头草,https://zhongyibaike.com/wiki/犁头草
三白草,https://zhongyibaike.com/wiki/三白草
牛耳大黄,https://zhongyibaike.com/wiki/牛耳大黄
毛大丁草,https://zhongyibaike.com/wiki/毛大丁草
迎春花叶,https://zhongyibaike.com/wiki/迎春花叶
大蕉皮,https://zhongyibaike.com/wiki/大蕉皮
算盘子根,https://zhongyibaike.com/wiki/算盘子根
三叶鬼针草,https://zhongyibaike.com/wiki/三叶鬼针草
天青地白,https://zhongyibaike.com/wiki/天青地白
十大功劳根,https://zhongyibaike.com/wiki/十大功劳根
三叶青,https://zhongyibaike.com/wiki/三叶青
铁筷子,https://zhongyibaike.com/wiki/铁筷子
蝌蚪,https://zhongyibaike.com/wiki/蝌蚪
菜子油,https://zhongyibaike.com/wiki/菜子油
羊髓,https://zhongyibaike.com/wiki/羊髓
绿豆粉,https://zhongyibaike.com/wiki/绿豆粉
蔷薇根,https://zhongyibaike.com/wiki/蔷薇根
紫茉莉根,https://zhongyibaike.com/wiki/紫茉莉根
苇茎,https://zhongyibaike.com/wiki/苇茎
豆腐,https://zhongyibaike.com/wiki/豆腐
地柏枝,https://zhongyibaike.com/wiki/地柏枝
竹叶卷心,https://zhongyibaike.com/wiki/竹叶卷心
番桃叶,https://zhongyibaike.com/wiki/番桃叶
大青根,https://zhongyibaike.com/wiki/大青根
蟾皮,https://zhongyibaike.com/wiki/蟾皮
水田七,https://zhongyibaike.com/wiki/水田七
穿心莲,https://zhongyibaike.com/wiki/穿心莲
虾蟆,https://zhongyibaike.com/wiki/虾蟆
金龙胆草,https://zhongyibaike.com/wiki/金龙胆草
铁屑,https://zhongyibaike.com/wiki/铁屑
大青叶,https://zhongyibaike.com/wiki/大青叶
板蓝根,https://zhongyibaike.com/wiki/板蓝根
莼,https://zhongyibaike.com/wiki/莼
马宝,https://zhongyibaike.com/wiki/马宝
冬瓜,https://zhongyibaike.com/wiki/冬瓜
酱,https://zhongyibaike.com/wiki/酱
鸡子白,https://zhongyibaike.com/wiki/鸡子白
甘蔗,https://zhongyibaike.com/wiki/甘蔗
青黛,https://zhongyibaike.com/wiki/青黛
猪胆,https://zhongyibaike.com/wiki/猪胆
石见穿,https://zhongyibaike.com/wiki/石见穿
荔枝草,https://zhongyibaike.com/wiki/荔枝草
重楼,https://zhongyibaike.com/wiki/重楼
拳参,https://zhongyibaike.com/wiki/拳参
漏芦,https://zhongyibaike.com/wiki/漏芦
金荞麦,https://zhongyibaike.com/wiki/金荞麦
墓头回,https://zhongyibaike.com/wiki/墓头回
北豆根,https://zhongyibaike.com/wiki/北豆根
野菊花,https://zhongyibaike.com/wiki/野菊花
贯众,https://zhongyibaike.com/wiki/贯众
六月雪,https://zhongyibaike.com/wiki/六月雪
鱼腥草,https://zhongyibaike.com/wiki/鱼腥草
蒲公英,https://zhongyibaike.com/wiki/蒲公英
人中黄,https://zhongyibaike.com/wiki/人中黄
紫花地丁,https://zhongyibaike.com/wiki/紫花地丁
败酱草,https://zhongyibaike.com/wiki/败酱草
大血藤,https://zhongyibaike.com/wiki/大血藤
土贝母,https://zhongyibaike.com/wiki/土贝母
葎草,https://zhongyibaike.com/wiki/葎草
土茯苓,https://zhongyibaike.com/wiki/土茯苓
马鞭草,https://zhongyibaike.com/wiki/马鞭草
白花蛇舌草,https://zhongyibaike.com/wiki/白花蛇舌草
积雪草,https://zhongyibaike.com/wiki/积雪草
射干,https://zhongyibaike.com/wiki/射干
山豆根,https://zhongyibaike.com/wiki/山豆根
山慈菇,https://zhongyibaike.com/wiki/山慈菇
忍冬藤,https://zhongyibaike.com/wiki/忍冬藤
马勃,https://zhongyibaike.com/wiki/马勃
青果,https://zhongyibaike.com/wiki/青果
金果榄,https://zhongyibaike.com/wiki/金果榄
鸦胆子,https://zhongyibaike.com/wiki/鸦胆子
地锦草,https://zhongyibaike.com/wiki/地锦草
锦灯笼,https://zhongyibaike.com/wiki/锦灯笼
天葵子,https://zhongyibaike.com/wiki/天葵子
一枝黄花,https://zhongyibaike.com/wiki/一枝黄花
木蝴蝶,https://zhongyibaike.com/wiki/木蝴蝶
委陵菜,https://zhongyibaike.com/wiki/委陵菜
翻白草,https://zhongyibaike.com/wiki/翻白草
龙葵,https://zhongyibaike.com/wiki/龙葵
半边莲,https://zhongyibaike.com/wiki/半边莲
半枝莲,https://zhongyibaike.com/wiki/半枝莲
凤尾草,https://zhongyibaike.com/wiki/凤尾草
熊胆,https://zhongyibaike.com/wiki/熊胆
千里光,https://zhongyibaike.com/wiki/千里光
山海螺,https://zhongyibaike.com/wiki/山海螺
绿豆,https://zhongyibaike.com/wiki/绿豆
白英,https://zhongyibaike.com/wiki/白英
绿豆衣,https://zhongyibaike.com/wiki/绿豆衣
白蔹,https://zhongyibaike.com/wiki/白蔹
马齿苋,https://zhongyibaike.com/wiki/马齿苋
白头翁,https://zhongyibaike.com/wiki/白头翁
山银花,https://zhongyibaike.com/wiki/山银花
飞扬草,https://zhongyibaike.com/wiki/飞扬草
云芝,https://zhongyibaike.com/wiki/云芝
木棉花,https://zhongyibaike.com/wiki/木棉花
连钱草,https://zhongyibaike.com/wiki/连钱草
四季青,https://zhongyibaike.com/wiki/四季青
西瓜霜,https://zhongyibaike.com/wiki/西瓜霜
杠板归,https://zhongyibaike.com/wiki/杠板归
臭灵丹草,https://zhongyibaike.com/wiki/臭灵丹草
毛诃子,https://zhongyibaike.com/wiki/毛诃子
水飞蓟,https://zhongyibaike.com/wiki/水飞蓟
苦木,https://zhongyibaike.com/wiki/苦木
苦玄参,https://zhongyibaike.com/wiki/苦玄参
草乌叶,https://zhongyibaike.com/wiki/草乌叶
南板蓝根,https://zhongyibaike.com/wiki/南板蓝根
洪连,https://zhongyibaike.com/wiki/洪连
高山辣根菜,https://zhongyibaike.com/wiki/高山辣根菜
通关藤,https://zhongyibaike.com/wiki/通关藤
黄藤,https://zhongyibaike.com/wiki/黄藤
菥蓂,https://zhongyibaike.com/wiki/菥蓂
救必应,https://zhongyibaike.com/wiki/救必应
紫萁贯众,https://zhongyibaike.com/wiki/紫萁贯众
蓼大青叶,https://zhongyibaike.com/wiki/蓼大青叶
万年青,https://zhongyibaike.com/wiki/万年青
大叶金花草,https://zhongyibaike.com/wiki/大叶金花草
猫人参,https://zhongyibaike.com/wiki/猫人参
刺柏,https://zhongyibaike.com/wiki/刺柏
白薯莨,https://zhongyibaike.com/wiki/白薯莨
菱,https://zhongyibaike.com/wiki/菱
榕须,https://zhongyibaike.com/wiki/榕须
虎掌草,https://zhongyibaike.com/wiki/虎掌草
水苋菜,https://zhongyibaike.com/wiki/水苋菜
大花马齿苋,https://zhongyibaike.com/wiki/大花马齿苋
木薯,https://zhongyibaike.com/wiki/木薯
狗肝菜,https://zhongyibaike.com/wiki/狗肝菜
马银花,https://zhongyibaike.com/wiki/马银花
山药藤,https://zhongyibaike.com/wiki/山药藤
水杨梅根,https://zhongyibaike.com/wiki/水杨梅根
凉粉草,https://zhongyibaike.com/wiki/凉粉草
海木,https://zhongyibaike.com/wiki/海木
方解石,https://zhongyibaike.com/wiki/方解石
苘麻,https://zhongyibaike.com/wiki/苘麻
草石蚕,https://zhongyibaike.com/wiki/草石蚕
八角莲,https://zhongyibaike.com/wiki/八角莲
鹅掌金星草,https://zhongyibaike.com/wiki/鹅掌金星草
鬼针草,https://zhongyibaike.com/wiki/鬼针草
蟛蜞菊,https://zhongyibaike.com/wiki/蟛蜞菊
腹水草,https://zhongyibaike.com/wiki/腹水草
百蕊草,https://zhongyibaike.com/wiki/百蕊草
狗尾草,https://zhongyibaike.com/wiki/狗尾草
狗舌草,https://zhongyibaike.com/wiki/狗舌草
毛嘴签,https://zhongyibaike.com/wiki/毛嘴签
牛奶子,https://zhongyibaike.com/wiki/牛奶子
边缘鳞盖蕨,https://zhongyibaike.com/wiki/边缘鳞盖蕨
牛舌草,https://zhongyibaike.com/wiki/牛舌草
大金刀,https://zhongyibaike.com/wiki/大金刀
鸡眼草,https://zhongyibaike.com/wiki/鸡眼草
布朗耳蕨,https://zhongyibaike.com/wiki/布朗耳蕨
牛奶莓,https://zhongyibaike.com/wiki/牛奶莓
半春莲,https://zhongyibaike.com/wiki/半春莲
米碎花根,https://zhongyibaike.com/wiki/米碎花根
毛花点草,https://zhongyibaike.com/wiki/毛花点草
打破碗花花,https://zhongyibaike.com/wiki/打破碗花花
大丁草,https://zhongyibaike.com/wiki/大丁草
灰贯众,https://zhongyibaike.com/wiki/灰贯众
牛筋果,https://zhongyibaike.com/wiki/牛筋果
一点红,https://zhongyibaike.com/wiki/一点红
毛冬青,https://zhongyibaike.com/wiki/毛冬青
翠云草,https://zhongyibaike.com/wiki/翠云草
水线草,https://zhongyibaike.com/wiki/水线草
大沙叶,https://zhongyibaike.com/wiki/大沙叶
水蜈蚣,https://zhongyibaike.com/wiki/水蜈蚣
石仙桃,https://zhongyibaike.com/wiki/石仙桃
百眼藤,https://zhongyibaike.com/wiki/百眼藤
铁扫帚,https://zhongyibaike.com/wiki/铁扫帚
阴地蕨,https://zhongyibaike.com/wiki/阴地蕨
爵床,https://zhongyibaike.com/wiki/爵床
石上柏,https://zhongyibaike.com/wiki/石上柏
地不容,https://zhongyibaike.com/wiki/地不容
罗锅底,https://zhongyibaike.com/wiki/罗锅底
农吉利,https://zhongyibaike.com/wiki/农吉利
萝芙木,https://zhongyibaike.com/wiki/萝芙木
凤尾猪鬃草,https://zhongyibaike.com/wiki/凤尾猪鬃草
小叶野决明,https://zhongyibaike.com/wiki/小叶野决明
马槟榔,https://zhongyibaike.com/wiki/马槟榔
马瓞儿,https://zhongyibaike.com/wiki/马瓞儿
蚕茧,https://zhongyibaike.com/wiki/蚕茧
胡桐泪,https://zhongyibaike.com/wiki/胡桐泪
菊花叶,https://zhongyibaike.com/wiki/菊花叶
蜡梅花,https://zhongyibaike.com/wiki/蜡梅花
苦竹叶,https://zhongyibaike.com/wiki/苦竹叶
芙蓉叶,https://zhongyibaike.com/wiki/芙蓉叶
三丫苦叶,https://zhongyibaike.com/wiki/三丫苦叶
黑面叶,https://zhongyibaike.com/wiki/黑面叶
狼把草,https://zhongyibaike.com/wiki/狼把草
剪刀草,https://zhongyibaike.com/wiki/剪刀草
小金钱草,https://zhongyibaike.com/wiki/小金钱草
牛筋草,https://zhongyibaike.com/wiki/牛筋草
鱼鳖金星,https://zhongyibaike.com/wiki/鱼鳖金星
瓶尔小草,https://zhongyibaike.com/wiki/瓶尔小草
酢浆草,https://zhongyibaike.com/wiki/酢浆草
芭蕉根,https://zhongyibaike.com/wiki/芭蕉根
藤梨根,https://zhongyibaike.com/wiki/藤梨根
了哥王根,https://zhongyibaike.com/wiki/了哥王根
地桃花,https://zhongyibaike.com/wiki/地桃花
东风菜,https://zhongyibaike.com/wiki/东风菜
海芋,https://zhongyibaike.com/wiki/海芋
马蔺子,https://zhongyibaike.com/wiki/马蔺子
降龙草,https://zhongyibaike.com/wiki/降龙草
铁锈,https://zhongyibaike.com/wiki/铁锈
无花果,https://zhongyibaike.com/wiki/无花果
金莲花,https://zhongyibaike.com/wiki/金莲花
四叶草,https://zhongyibaike.com/wiki/四叶草
玛瑙,https://zhongyibaike.com/wiki/玛瑙
野苋菜,https://zhongyibaike.com/wiki/野苋菜
甘草节,https://zhongyibaike.com/wiki/甘草节
桉叶,https://zhongyibaike.com/wiki/桉叶
蝴蝶花,https://zhongyibaike.com/wiki/蝴蝶花
银花子,https://zhongyibaike.com/wiki/银花子
罗勒子,https://zhongyibaike.com/wiki/罗勒子
百两金,https://zhongyibaike.com/wiki/百两金
茶树根,https://zhongyibaike.com/wiki/茶树根
苦瓜叶,https://zhongyibaike.com/wiki/苦瓜叶
丝瓜皮,https://zhongyibaike.com/wiki/丝瓜皮
丝瓜叶,https://zhongyibaike.com/wiki/丝瓜叶
莴苣,https://zhongyibaike.com/wiki/莴苣
芥蓝,https://zhongyibaike.com/wiki/芥蓝
绿豆叶,https://zhongyibaike.com/wiki/绿豆叶
阳桃,https://zhongyibaike.com/wiki/阳桃
虫豆,https://zhongyibaike.com/wiki/虫豆
丝瓜花,https://zhongyibaike.com/wiki/丝瓜花
黄瓜叶,https://zhongyibaike.com/wiki/黄瓜叶
椿叶,https://zhongyibaike.com/wiki/椿叶
桃叶,https://zhongyibaike.com/wiki/桃叶
蚬肉,https://zhongyibaike.com/wiki/蚬肉
七星剑,https://zhongyibaike.com/wiki/七星剑
夜香牛,https://zhongyibaike.com/wiki/夜香牛
眼睛草,https://zhongyibaike.com/wiki/眼睛草
水珍珠菜,https://zhongyibaike.com/wiki/水珍珠菜
丝毛毛毡草,https://zhongyibaike.com/wiki/丝毛毛毡草
石蝉草,https://zhongyibaike.com/wiki/石蝉草
长叶山芝麻,https://zhongyibaike.com/wiki/长叶山芝麻
牛含水,https://zhongyibaike.com/wiki/牛含水
白粉藤,https://zhongyibaike.com/wiki/白粉藤
白接骨,https://zhongyibaike.com/wiki/白接骨
天脚板,https://zhongyibaike.com/wiki/天脚板
岩节连,https://zhongyibaike.com/wiki/岩节连
石地钱,https://zhongyibaike.com/wiki/石地钱
灰叶,https://zhongyibaike.com/wiki/灰叶
金钟花,https://zhongyibaike.com/wiki/金钟花
青天葵,https://zhongyibaike.com/wiki/青天葵
石油菜,https://zhongyibaike.com/wiki/石油菜
宜昌楼梯草,https://zhongyibaike.com/wiki/宜昌楼梯草
金腰箭,https://zhongyibaike.com/wiki/金腰箭
金挖耳,https://zhongyibaike.com/wiki/金挖耳
地毛衣,https://zhongyibaike.com/wiki/地毛衣
苦瓜,https://zhongyibaike.com/wiki/苦瓜
金鸡尾,https://zhongyibaike.com/wiki/金鸡尾
绿豆芽,https://zhongyibaike.com/wiki/绿豆芽
鳝鱼骨,https://zhongyibaike.com/wiki/鳝鱼骨
桑叶汁,https://zhongyibaike.com/wiki/桑叶汁
菱叶,https://zhongyibaike.com/wiki/菱叶
扁豆叶,https://zhongyibaike.com/wiki/扁豆叶
菱茎,https://zhongyibaike.com/wiki/菱茎
黄瓜,https://zhongyibaike.com/wiki/黄瓜
丝瓜,https://zhongyibaike.com/wiki/丝瓜
蚯蚓泥,https://zhongyibaike.com/wiki/蚯蚓泥
三角泡,https://zhongyibaike.com/wiki/三角泡
鲫鱼胆,https://zhongyibaike.com/wiki/鲫鱼胆
淡竹壳,https://zhongyibaike.com/wiki/淡竹壳
冬瓜叶,https://zhongyibaike.com/wiki/冬瓜叶
磨盘草,https://zhongyibaike.com/wiki/磨盘草
铧头草,https://zhongyibaike.com/wiki/铧头草
老蜗生,https://zhongyibaike.com/wiki/老蜗生
朱砂莲,https://zhongyibaike.com/wiki/朱砂莲
一朵云叶,https://zhongyibaike.com/wiki/一朵云叶
鲎肉,https://zhongyibaike.com/wiki/鲎肉
米面蓊根,https://zhongyibaike.com/wiki/米面蓊根
大理菊,https://zhongyibaike.com/wiki/大理菊
干岩矸,https://zhongyibaike.com/wiki/干岩矸
岩败酱,https://zhongyibaike.com/wiki/岩败酱
软水黄连,https://zhongyibaike.com/wiki/软水黄连
大叶马尾连,https://zhongyibaike.com/wiki/大叶马尾连
小叶鼠李,https://zhongyibaike.com/wiki/小叶鼠李
铁苋菜,https://zhongyibaike.com/wiki/铁苋菜
点地梅,https://zhongyibaike.com/wiki/点地梅
乌蔹莓,https://zhongyibaike.com/wiki/乌蔹莓
蜜桶花,https://zhongyibaike.com/wiki/蜜桶花
仙人掌,https://zhongyibaike.com/wiki/仙人掌
水杨梅,https://zhongyibaike.com/wiki/水杨梅
尖叶小羽藓,https://zhongyibaike.com/wiki/尖叶小羽藓
小叶山鸡尾巴草,https://zhongyibaike.com/wiki/小叶山鸡尾巴草
大马蓼,https://zhongyibaike.com/wiki/大马蓼
地菍,https://zhongyibaike.com/wiki/地菍
车桑子叶,https://zhongyibaike.com/wiki/车桑子叶
天水蚁草,https://zhongyibaike.com/wiki/天水蚁草
太白菊,https://zhongyibaike.com/wiki/太白菊
灰藋,https://zhongyibaike.com/wiki/灰藋
中华蹄盖蕨,https://zhongyibaike.com/wiki/中华蹄盖蕨
水白蜡,https://zhongyibaike.com/wiki/水白蜡
马牙七,https://zhongyibaike.com/wiki/马牙七
水梨藤,https://zhongyibaike.com/wiki/水梨藤
石腊红,https://zhongyibaike.com/wiki/石腊红
石萝藦,https://zhongyibaike.com/wiki/石萝藦
地黄,https://zhongyibaike.com/wiki/地黄
玄参,https://zhongyibaike.com/wiki/玄参
葛花,https://zhongyibaike.com/wiki/葛花
犀角,https://zhongyibaike.com/wiki/犀角
玉芙蓉,https://zhongyibaike.com/wiki/玉芙蓉
苦地胆,https://zhongyibaike.com/wiki/苦地胆
苹果叶,https://zhongyibaike.com/wiki/苹果叶
蛇莓,https://zhongyibaike.com/wiki/蛇莓
问荆,https://zhongyibaike.com/wiki/问荆
荷叶,https://zhongyibaike.com/wiki/荷叶
白毛夏枯草,https://zhongyibaike.com/wiki/白毛夏枯草
藕,https://zhongyibaike.com/wiki/藕
牡丹皮,https://zhongyibaike.com/wiki/牡丹皮
赤芍,https://zhongyibaike.com/wiki/赤芍
水牛角,https://zhongyibaike.com/wiki/水牛角
紫草,https://zhongyibaike.com/wiki/紫草
大青盐,https://zhongyibaike.com/wiki/大青盐
余甘子,https://zhongyibaike.com/wiki/余甘子
长叶柄野扇花,https://zhongyibaike.com/wiki/长叶柄野扇花
吊竹梅,https://zhongyibaike.com/wiki/吊竹梅
兴安白头翁,https://zhongyibaike.com/wiki/兴安白头翁
波叶大黄,https://zhongyibaike.com/wiki/波叶大黄
建兰叶,https://zhongyibaike.com/wiki/建兰叶
青蒿,https://zhongyibaike.com/wiki/青蒿
白薇,https://zhongyibaike.com/wiki/白薇
地骨皮,https://zhongyibaike.com/wiki/地骨皮
胡黄连,https://zhongyibaike.com/wiki/胡黄连
银柴胡,https://zhongyibaike.com/wiki/银柴胡
功劳子,https://zhongyibaike.com/wiki/功劳子
牡蒿,https://zhongyibaike.com/wiki/牡蒿
大黄,https://zhongyibaike.com/wiki/大黄
芒硝,https://zhongyibaike.com/wiki/芒硝
玄明粉,https://zhongyibaike.com/wiki/玄明粉
番泻叶,https://zhongyibaike.com/wiki/番泻叶
芦荟,https://zhongyibaike.com/wiki/芦荟
蓖麻子,https://zhongyibaike.com/wiki/蓖麻子
木莲果,https://zhongyibaike.com/wiki/木莲果
火麻仁,https://zhongyibaike.com/wiki/火麻仁
郁李仁,https://zhongyibaike.com/wiki/郁李仁
亚麻子,https://zhongyibaike.com/wiki/亚麻子
猪脂膏,https://zhongyibaike.com/wiki/猪脂膏
麻油,https://zhongyibaike.com/wiki/麻油
松子仁,https://zhongyibaike.com/wiki/松子仁
猪肠,https://zhongyibaike.com/wiki/猪肠
甘遂,https://zhongyibaike.com/wiki/甘遂
京大戟,https://zhongyibaike.com/wiki/京大戟
乌桕根,https://zhongyibaike.com/wiki/乌桕根
红大戟,https://zhongyibaike.com/wiki/红大戟
芫花,https://zhongyibaike.com/wiki/芫花
商陆,https://zhongyibaike.com/wiki/商陆
牵牛子,https://zhongyibaike.com/wiki/牵牛子
千金子,https://zhongyibaike.com/wiki/千金子
巴豆,https://zhongyibaike.com/wiki/巴豆
巴豆霜,https://zhongyibaike.com/wiki/巴豆霜
千金子霜,https://zhongyibaike.com/wiki/千金子霜
独活,https://zhongyibaike.com/wiki/独活
椰子壳,https://zhongyibaike.com/wiki/椰子壳
红楤木,https://zhongyibaike.com/wiki/红楤木
柳枝,https://zhongyibaike.com/wiki/柳枝
鹅脚板,https://zhongyibaike.com/wiki/鹅脚板
鸡骨香,https://zhongyibaike.com/wiki/鸡骨香
马鞍藤,https://zhongyibaike.com/wiki/马鞍藤
天蓬草,https://zhongyibaike.com/wiki/天蓬草
蒴藋,https://zhongyibaike.com/wiki/蒴藋
楤木根,https://zhongyibaike.com/wiki/楤木根
芋儿七,https://zhongyibaike.com/wiki/芋儿七
枸骨根,https://zhongyibaike.com/wiki/枸骨根
祖师麻,https://zhongyibaike.com/wiki/祖师麻
红茴香根,https://zhongyibaike.com/wiki/红茴香根
石燕,https://zhongyibaike.com/wiki/石燕
毛麝香,https://zhongyibaike.com/wiki/毛麝香
荠菜子,https://zhongyibaike.com/wiki/荠菜子
臭牡丹根,https://zhongyibaike.com/wiki/臭牡丹根
海蜇皮,https://zhongyibaike.com/wiki/海蜇皮
香樟,https://zhongyibaike.com/wiki/香樟
柳白皮,https://zhongyibaike.com/wiki/柳白皮
曼陀罗子,https://zhongyibaike.com/wiki/曼陀罗子
假蒟,https://zhongyibaike.com/wiki/假蒟
艾纳香,https://zhongyibaike.com/wiki/艾纳香
威灵仙,https://zhongyibaike.com/wiki/威灵仙
川乌,https://zhongyibaike.com/wiki/川乌
草乌,https://zhongyibaike.com/wiki/草乌
蛇蜕,https://zhongyibaike.com/wiki/蛇蜕
槐白皮,https://zhongyibaike.com/wiki/槐白皮
香加皮,https://zhongyibaike.com/wiki/香加皮
两头尖,https://zhongyibaike.com/wiki/两头尖
金铁锁,https://zhongyibaike.com/wiki/金铁锁
防己,https://zhongyibaike.com/wiki/防己
水栀根,https://zhongyibaike.com/wiki/水栀根
乌口树,https://zhongyibaike.com/wiki/乌口树
白杨树皮,https://zhongyibaike.com/wiki/白杨树皮
常春藤,https://zhongyibaike.com/wiki/常春藤
八楞木,https://zhongyibaike.com/wiki/八楞木
六轴子,https://zhongyibaike.com/wiki/六轴子
石楠叶,https://zhongyibaike.com/wiki/石楠叶
松节,https://zhongyibaike.com/wiki/松节
秦艽,https://zhongyibaike.com/wiki/秦艽
木瓜,https://zhongyibaike.com/wiki/木瓜
侧子,https://zhongyibaike.com/wiki/侧子
滚山虫,https://zhongyibaike.com/wiki/滚山虫
见血飞,https://zhongyibaike.com/wiki/见血飞
樟木,https://zhongyibaike.com/wiki/樟木
枫荷梨,https://zhongyibaike.com/wiki/枫荷梨
三角风,https://zhongyibaike.com/wiki/三角风
穿破石,https://zhongyibaike.com/wiki/穿破石
钻地风,https://zhongyibaike.com/wiki/钻地风
猕猴骨,https://zhongyibaike.com/wiki/猕猴骨
海风藤,https://zhongyibaike.com/wiki/海风藤
青风藤,https://zhongyibaike.com/wiki/青风藤
丁公藤,https://zhongyibaike.com/wiki/丁公藤
路路通,https://zhongyibaike.com/wiki/路路通
透骨草,https://zhongyibaike.com/wiki/透骨草
寻骨风,https://zhongyibaike.com/wiki/寻骨风
蚕沙,https://zhongyibaike.com/wiki/蚕沙
伸筋草,https://zhongyibaike.com/wiki/伸筋草
四念癀,https://zhongyibaike.com/wiki/四念癀
菝葜,https://zhongyibaike.com/wiki/菝葜
桑枝,https://zhongyibaike.com/wiki/桑枝
海桐皮,https://zhongyibaike.com/wiki/海桐皮
雷公藤,https://zhongyibaike.com/wiki/雷公藤
老鹳草,https://zhongyibaike.com/wiki/老鹳草
穿山龙,https://zhongyibaike.com/wiki/穿山龙
丝瓜络,https://zhongyibaike.com/wiki/丝瓜络
豨莶草,https://zhongyibaike.com/wiki/豨莶草
臭梧桐,https://zhongyibaike.com/wiki/臭梧桐
络石藤,https://zhongyibaike.com/wiki/络石藤
乌梢蛇,https://zhongyibaike.com/wiki/乌梢蛇
蕲蛇,https://zhongyibaike.com/wiki/蕲蛇
爬山虎,https://zhongyibaike.com/wiki/爬山虎
鸡血,https://zhongyibaike.com/wiki/鸡血
鳝鱼血,https://zhongyibaike.com/wiki/鳝鱼血
梦花根,https://zhongyibaike.com/wiki/梦花根
牛骨,https://zhongyibaike.com/wiki/牛骨
黑骨头,https://zhongyibaike.com/wiki/黑骨头
猫腿姑,https://zhongyibaike.com/wiki/猫腿姑
七角风,https://zhongyibaike.com/wiki/七角风
大叶藤,https://zhongyibaike.com/wiki/大叶藤
凤尾搜山虎,https://zhongyibaike.com/wiki/凤尾搜山虎
大粘药,https://zhongyibaike.com/wiki/大粘药
宽筋藤,https://zhongyibaike.com/wiki/宽筋藤
桑树根,https://zhongyibaike.com/wiki/桑树根
凌霄根,https://zhongyibaike.com/wiki/凌霄根
半枫荷,https://zhongyibaike.com/wiki/半枫荷
肿节风,https://zhongyibaike.com/wiki/肿节风
八角枫根,https://zhongyibaike.com/wiki/八角枫根
野木瓜,https://zhongyibaike.com/wiki/野木瓜
无柄卫矛,https://zhongyibaike.com/wiki/无柄卫矛
千斤拔,https://zhongyibaike.com/wiki/千斤拔
虎骨,https://zhongyibaike.com/wiki/虎骨
狗骨,https://zhongyibaike.com/wiki/狗骨
鹿筋,https://zhongyibaike.com/wiki/鹿筋
走马胎,https://zhongyibaike.com/wiki/走马胎
野料豆,https://zhongyibaike.com/wiki/野料豆
五加皮,https://zhongyibaike.com/wiki/五加皮
桑寄生,https://zhongyibaike.com/wiki/桑寄生
狗脊,https://zhongyibaike.com/wiki/狗脊
千年健,https://zhongyibaike.com/wiki/千年健
鹿衔草,https://zhongyibaike.com/wiki/鹿衔草
槲寄生,https://zhongyibaike.com/wiki/槲寄生
广藿香,https://zhongyibaike.com/wiki/广藿香
佩兰,https://zhongyibaike.com/wiki/佩兰
苍术,https://zhongyibaike.com/wiki/苍术
厚朴,https://zhongyibaike.com/wiki/厚朴
白扁豆,https://zhongyibaike.com/wiki/白扁豆
厚朴花,https://zhongyibaike.com/wiki/厚朴花
扁豆花,https://zhongyibaike.com/wiki/扁豆花
豆蔻,https://zhongyibaike.com/wiki/豆蔻
豆蔻壳,https://zhongyibaike.com/wiki/豆蔻壳
砂仁,https://zhongyibaike.com/wiki/砂仁
草豆蔻,https://zhongyibaike.com/wiki/草豆蔻
扁豆衣,https://zhongyibaike.com/wiki/扁豆衣
草果,https://zhongyibaike.com/wiki/草果
春砂花,https://zhongyibaike.com/wiki/春砂花
砂仁壳,https://zhongyibaike.com/wiki/砂仁壳
茯苓,https://zhongyibaike.com/wiki/茯苓
金鱼,https://zhongyibaike.com/wiki/金鱼
蒲蒻,https://zhongyibaike.com/wiki/蒲蒻
螺蛳,https://zhongyibaike.com/wiki/螺蛳
针砂,https://zhongyibaike.com/wiki/针砂
老龙皮,https://zhongyibaike.com/wiki/老龙皮
青蛙,https://zhongyibaike.com/wiki/青蛙
生姜皮,https://zhongyibaike.com/wiki/生姜皮
楮树白皮,https://zhongyibaike.com/wiki/楮树白皮
天胡荽,https://zhongyibaike.com/wiki/天胡荽
桃茎白皮,https://zhongyibaike.com/wiki/桃茎白皮
茯苓皮,https://zhongyibaike.com/wiki/茯苓皮
树萝卜,https://zhongyibaike.com/wiki/树萝卜
木馒头,https://zhongyibaike.com/wiki/木馒头
椒目,https://zhongyibaike.com/wiki/椒目
蚕豆,https://zhongyibaike.com/wiki/蚕豆
薏苡仁,https://zhongyibaike.com/wiki/薏苡仁
猪苓,https://zhongyibaike.com/wiki/猪苓
泽泻,https://zhongyibaike.com/wiki/泽泻
徐长卿,https://zhongyibaike.com/wiki/徐长卿
冬瓜皮,https://zhongyibaike.com/wiki/冬瓜皮
水红花子,https://zhongyibaike.com/wiki/水红花子
玉米须,https://zhongyibaike.com/wiki/玉米须
枳椇子,https://zhongyibaike.com/wiki/枳椇子
白屈菜,https://zhongyibaike.com/wiki/白屈菜
泽漆,https://zhongyibaike.com/wiki/泽漆
蝼蛄,https://zhongyibaike.com/wiki/蝼蛄
荠菜,https://zhongyibaike.com/wiki/荠菜
蚕豆壳,https://zhongyibaike.com/wiki/蚕豆壳
乌鱼蛋,https://zhongyibaike.com/wiki/乌鱼蛋
水葱,https://zhongyibaike.com/wiki/水葱
黄大豆,https://zhongyibaike.com/wiki/黄大豆
梨叶,https://zhongyibaike.com/wiki/梨叶
大麦,https://zhongyibaike.com/wiki/大麦
杏叶,https://zhongyibaike.com/wiki/杏叶
鸬鹚肉,https://zhongyibaike.com/wiki/鸬鹚肉
鲫鱼,https://zhongyibaike.com/wiki/鲫鱼
鲢鱼,https://zhongyibaike.com/wiki/鲢鱼
泥鳅,https://zhongyibaike.com/wiki/泥鳅
鲤鱼,https://zhongyibaike.com/wiki/鲤鱼
鲨鱼肉,https://zhongyibaike.com/wiki/鲨鱼肉
瓠子,https://zhongyibaike.com/wiki/瓠子
沼生蔊菜,https://zhongyibaike.com/wiki/沼生蔊菜
鸭头,https://zhongyibaike.com/wiki/鸭头
钓杆柴,https://zhongyibaike.com/wiki/钓杆柴
牛抄藤,https://zhongyibaike.com/wiki/牛抄藤
猪殃殃,https://zhongyibaike.com/wiki/猪殃殃
星宿菜,https://zhongyibaike.com/wiki/星宿菜
汉中防己,https://zhongyibaike.com/wiki/汉中防己
通天草,https://zhongyibaike.com/wiki/通天草
小叶金老梅,https://zhongyibaike.com/wiki/小叶金老梅
天目木兰,https://zhongyibaike.com/wiki/天目木兰
西瓜翠衣,https://zhongyibaike.com/wiki/西瓜翠衣
蒲种壳,https://zhongyibaike.com/wiki/蒲种壳
葫芦壳,https://zhongyibaike.com/wiki/葫芦壳
蟋蟀,https://zhongyibaike.com/wiki/蟋蟀
地骷髅,https://zhongyibaike.com/wiki/地骷髅
虫笋,https://zhongyibaike.com/wiki/虫笋
黄蜀葵子,https://zhongyibaike.com/wiki/黄蜀葵子
啤酒花,https://zhongyibaike.com/wiki/啤酒花
盒子草,https://zhongyibaike.com/wiki/盒子草
黄蜀葵根,https://zhongyibaike.com/wiki/黄蜀葵根
赤小豆,https://zhongyibaike.com/wiki/赤小豆
车前子,https://zhongyibaike.com/wiki/车前子
车前草,https://zhongyibaike.com/wiki/车前草
甘草梢,https://zhongyibaike.com/wiki/甘草梢
米汤,https://zhongyibaike.com/wiki/米汤
滑石,https://zhongyibaike.com/wiki/滑石
薏苡根,https://zhongyibaike.com/wiki/薏苡根
胡枝子,https://zhongyibaike.com/wiki/胡枝子
柳树根,https://zhongyibaike.com/wiki/柳树根
川木通,https://zhongyibaike.com/wiki/川木通
木通,https://zhongyibaike.com/wiki/木通
通草,https://zhongyibaike.com/wiki/通草
冬葵子,https://zhongyibaike.com/wiki/冬葵子
黄蜀葵花,https://zhongyibaike.com/wiki/黄蜀葵花
灯心草,https://zhongyibaike.com/wiki/灯心草
石韦,https://zhongyibaike.com/wiki/石韦
萆薢,https://zhongyibaike.com/wiki/萆薢
海金沙,https://zhongyibaike.com/wiki/海金沙
瞿麦,https://zhongyibaike.com/wiki/瞿麦
萹蓄,https://zhongyibaike.com/wiki/萹蓄
地肤子,https://zhongyibaike.com/wiki/地肤子
鱼脑石,https://zhongyibaike.com/wiki/鱼脑石
小通草,https://zhongyibaike.com/wiki/小通草
泥鳅滑液,https://zhongyibaike.com/wiki/泥鳅滑液
石龙子,https://zhongyibaike.com/wiki/石龙子
榆白皮,https://zhongyibaike.com/wiki/榆白皮
芦笋,https://zhongyibaike.com/wiki/芦笋
画眉草,https://zhongyibaike.com/wiki/画眉草
过坛龙,https://zhongyibaike.com/wiki/过坛龙
毛木通,https://zhongyibaike.com/wiki/毛木通
异型莎草,https://zhongyibaike.com/wiki/异型莎草
衣鱼,https://zhongyibaike.com/wiki/衣鱼
尖耳贯众,https://zhongyibaike.com/wiki/尖耳贯众
合萌,https://zhongyibaike.com/wiki/合萌
梗通草,https://zhongyibaike.com/wiki/梗通草
丝瓜子,https://zhongyibaike.com/wiki/丝瓜子
桃胶,https://zhongyibaike.com/wiki/桃胶
龙须草,https://zhongyibaike.com/wiki/龙须草
长瓦韦,https://zhongyibaike.com/wiki/长瓦韦
茵陈,https://zhongyibaike.com/wiki/茵陈
金钱草,https://zhongyibaike.com/wiki/金钱草
虎杖,https://zhongyibaike.com/wiki/虎杖
地耳草,https://zhongyibaike.com/wiki/地耳草
垂盆草,https://zhongyibaike.com/wiki/垂盆草
鸡骨草,https://zhongyibaike.com/wiki/鸡骨草
珍珠草,https://zhongyibaike.com/wiki/珍珠草
广金钱草,https://zhongyibaike.com/wiki/广金钱草
青叶胆,https://zhongyibaike.com/wiki/青叶胆
鲮鱼,https://zhongyibaike.com/wiki/鲮鱼
毛茛,https://zhongyibaike.com/wiki/毛茛
蔊菜,https://zhongyibaike.com/wiki/蔊菜
葫芦茶,https://zhongyibaike.com/wiki/葫芦茶
附子,https://zhongyibaike.com/wiki/附子
干姜,https://zhongyibaike.com/wiki/干姜
韭根,https://zhongyibaike.com/wiki/韭根
樱桃叶,https://zhongyibaike.com/wiki/樱桃叶
肉桂,https://zhongyibaike.com/wiki/肉桂
天雄,https://zhongyibaike.com/wiki/天雄
吴茱萸,https://zhongyibaike.com/wiki/吴茱萸
小茴香,https://zhongyibaike.com/wiki/小茴香
野花椒,https://zhongyibaike.com/wiki/野花椒
地仙桃,https://zhongyibaike.com/wiki/地仙桃
丁香,https://zhongyibaike.com/wiki/丁香
高良姜,https://zhongyibaike.com/wiki/高良姜
红豆蔻,https://zhongyibaike.com/wiki/红豆蔻
花椒,https://zhongyibaike.com/wiki/花椒
胡椒,https://zhongyibaike.com/wiki/胡椒
荜澄茄,https://zhongyibaike.com/wiki/荜澄茄
荜茇,https://zhongyibaike.com/wiki/荜茇
辣椒,https://zhongyibaike.com/wiki/辣椒
陈皮,https://zhongyibaike.com/wiki/陈皮
橘核,https://zhongyibaike.com/wiki/橘核
橘络,https://zhongyibaike.com/wiki/橘络
橘叶,https://zhongyibaike.com/wiki/橘叶
橘红,https://zhongyibaike.com/wiki/橘红
枇杷芋,https://zhongyibaike.com/wiki/枇杷芋
羊靥,https://zhongyibaike.com/wiki/羊靥
鸡舌香,https://zhongyibaike.com/wiki/鸡舌香
胡萝卜,https://zhongyibaike.com/wiki/胡萝卜
猪靥,https://zhongyibaike.com/wiki/猪靥
化橘红,https://zhongyibaike.com/wiki/化橘红
莳萝子,https://zhongyibaike.com/wiki/莳萝子
青皮,https://zhongyibaike.com/wiki/青皮
枳实,https://zhongyibaike.com/wiki/枳实
枳壳,https://zhongyibaike.com/wiki/枳壳
刀豆壳,https://zhongyibaike.com/wiki/刀豆壳
太白米,https://zhongyibaike.com/wiki/太白米
荷梗,https://zhongyibaike.com/wiki/荷梗
佛手,https://zhongyibaike.com/wiki/佛手
佛手花,https://zhongyibaike.com/wiki/佛手花
木香,https://zhongyibaike.com/wiki/木香
檀香,https://zhongyibaike.com/wiki/檀香
玳玳花,https://zhongyibaike.com/wiki/玳玳花
苹果皮,https://zhongyibaike.com/wiki/苹果皮
香橼,https://zhongyibaike.com/wiki/香橼
黄荆子,https://zhongyibaike.com/wiki/黄荆子
零陵香,https://zhongyibaike.com/wiki/零陵香
玫瑰花,https://zhongyibaike.com/wiki/玫瑰花
绿萼梅,https://zhongyibaike.com/wiki/绿萼梅
娑罗子,https://zhongyibaike.com/wiki/娑罗子
天仙藤,https://zhongyibaike.com/wiki/天仙藤
紫苏梗,https://zhongyibaike.com/wiki/紫苏梗
大腹皮,https://zhongyibaike.com/wiki/大腹皮
甘松,https://zhongyibaike.com/wiki/甘松
九香虫,https://zhongyibaike.com/wiki/九香虫
刀豆,https://zhongyibaike.com/wiki/刀豆
香附,https://zhongyibaike.com/wiki/香附
沉香,https://zhongyibaike.com/wiki/沉香
乌药,https://zhongyibaike.com/wiki/乌药
八月札,https://zhongyibaike.com/wiki/八月札
川楝子,https://zhongyibaike.com/wiki/川楝子
荔枝核,https://zhongyibaike.com/wiki/荔枝核
青木香,https://zhongyibaike.com/wiki/青木香
薤白,https://zhongyibaike.com/wiki/薤白
柿蒂,https://zhongyibaike.com/wiki/柿蒂
八角茴香,https://zhongyibaike.com/wiki/八角茴香
九里香,https://zhongyibaike.com/wiki/九里香
土木香,https://zhongyibaike.com/wiki/土木香
地枫皮,https://zhongyibaike.com/wiki/地枫皮
榼藤子,https://zhongyibaike.com/wiki/榼藤子
蜘蛛香,https://zhongyibaike.com/wiki/蜘蛛香
马陆,https://zhongyibaike.com/wiki/马陆
金橘叶,https://zhongyibaike.com/wiki/金橘叶
洋葱,https://zhongyibaike.com/wiki/洋葱
柠檬,https://zhongyibaike.com/wiki/柠檬
蛏壳,https://zhongyibaike.com/wiki/蛏壳
猫胞衣,https://zhongyibaike.com/wiki/猫胞衣
橘饼,https://zhongyibaike.com/wiki/橘饼
柚叶,https://zhongyibaike.com/wiki/柚叶
橘,https://zhongyibaike.com/wiki/橘
芋头花,https://zhongyibaike.com/wiki/芋头花
柠檬皮,https://zhongyibaike.com/wiki/柠檬皮
鹅蛋壳,https://zhongyibaike.com/wiki/鹅蛋壳
梨树根,https://zhongyibaike.com/wiki/梨树根
枸橘叶,https://zhongyibaike.com/wiki/枸橘叶
茉莉花,https://zhongyibaike.com/wiki/茉莉花
桂花子,https://zhongyibaike.com/wiki/桂花子
红木香,https://zhongyibaike.com/wiki/红木香
狗宝,https://zhongyibaike.com/wiki/狗宝
芸苔子,https://zhongyibaike.com/wiki/芸苔子
山楂,https://zhongyibaike.com/wiki/山楂
山柰,https://zhongyibaike.com/wiki/山柰
沙棘,https://zhongyibaike.com/wiki/沙棘
毛笋,https://zhongyibaike.com/wiki/毛笋
半夏曲,https://zhongyibaike.com/wiki/半夏曲
莱菔,https://zhongyibaike.com/wiki/莱菔
红石耳,https://zhongyibaike.com/wiki/红石耳
鸡内金,https://zhongyibaike.com/wiki/鸡内金
蘑菇,https://zhongyibaike.com/wiki/蘑菇
神曲,https://zhongyibaike.com/wiki/神曲
建曲,https://zhongyibaike.com/wiki/建曲
芜菁,https://zhongyibaike.com/wiki/芜菁
红曲,https://zhongyibaike.com/wiki/红曲
麦芽,https://zhongyibaike.com/wiki/麦芽
稻芽,https://zhongyibaike.com/wiki/稻芽
莱菔子,https://zhongyibaike.com/wiki/莱菔子
莱菔叶,https://zhongyibaike.com/wiki/莱菔叶
隔山消,https://zhongyibaike.com/wiki/隔山消
鸡矢藤,https://zhongyibaike.com/wiki/鸡矢藤
阿魏,https://zhongyibaike.com/wiki/阿魏
川射干,https://zhongyibaike.com/wiki/川射干
布渣叶,https://zhongyibaike.com/wiki/布渣叶
菊苣,https://zhongyibaike.com/wiki/菊苣
荞麦,https://zhongyibaike.com/wiki/荞麦
玉米黑粉,https://zhongyibaike.com/wiki/玉米黑粉
鸭肫衣,https://zhongyibaike.com/wiki/鸭肫衣
波罗蜜,https://zhongyibaike.com/wiki/波罗蜜
白鱼,https://zhongyibaike.com/wiki/白鱼
茶叶,https://zhongyibaike.com/wiki/茶叶
鸭涎,https://zhongyibaike.com/wiki/鸭涎
鲨鱼皮,https://zhongyibaike.com/wiki/鲨鱼皮
杨梅,https://zhongyibaike.com/wiki/杨梅
人面子,https://zhongyibaike.com/wiki/人面子
枣槟榔,https://zhongyibaike.com/wiki/枣槟榔
五谷虫,https://zhongyibaike.com/wiki/五谷虫
赤阳子,https://zhongyibaike.com/wiki/赤阳子
魔芋,https://zhongyibaike.com/wiki/魔芋
梧桐子,https://zhongyibaike.com/wiki/梧桐子
槟榔,https://zhongyibaike.com/wiki/槟榔
使君子,https://zhongyibaike.com/wiki/使君子
苦楝皮,https://zhongyibaike.com/wiki/苦楝皮
雷丸,https://zhongyibaike.com/wiki/雷丸
鹤草芽,https://zhongyibaike.com/wiki/鹤草芽
鹤虱,https://zhongyibaike.com/wiki/鹤虱
芜荑,https://zhongyibaike.com/wiki/芜荑
榧子,https://zhongyibaike.com/wiki/榧子
南瓜子,https://zhongyibaike.com/wiki/南瓜子
南鹤虱,https://zhongyibaike.com/wiki/南鹤虱
狼毒,https://zhongyibaike.com/wiki/狼毒
吕宋楸毛,https://zhongyibaike.com/wiki/吕宋楸毛
禾秆蹄盖蕨,https://zhongyibaike.com/wiki/禾秆蹄盖蕨
马醉木,https://zhongyibaike.com/wiki/马醉木
天目木姜子,https://zhongyibaike.com/wiki/天目木姜子
大鳞毛蕨,https://zhongyibaike.com/wiki/大鳞毛蕨
小蓟,https://zhongyibaike.com/wiki/小蓟
大蓟,https://zhongyibaike.com/wiki/大蓟
地榆,https://zhongyibaike.com/wiki/地榆
栀子根,https://zhongyibaike.com/wiki/栀子根
楮叶,https://zhongyibaike.com/wiki/楮叶
元宝草,https://zhongyibaike.com/wiki/元宝草
大石韦,https://zhongyibaike.com/wiki/大石韦
虎耳草,https://zhongyibaike.com/wiki/虎耳草
萱草根,https://zhongyibaike.com/wiki/萱草根
铁树叶,https://zhongyibaike.com/wiki/铁树叶
黄药子,https://zhongyibaike.com/wiki/黄药子
槐花,https://zhongyibaike.com/wiki/槐花
槐角,https://zhongyibaike.com/wiki/槐角
羊蹄,https://zhongyibaike.com/wiki/羊蹄
侧柏叶,https://zhongyibaike.com/wiki/侧柏叶
白茅根,https://zhongyibaike.com/wiki/白茅根
苎麻根,https://zhongyibaike.com/wiki/苎麻根
瓦松,https://zhongyibaike.com/wiki/瓦松
北刘寄奴,https://zhongyibaike.com/wiki/北刘寄奴
见血清,https://zhongyibaike.com/wiki/见血清
长叶实蕨,https://zhongyibaike.com/wiki/长叶实蕨
牛耳岩白菜,https://zhongyibaike.com/wiki/牛耳岩白菜
马牙半支,https://zhongyibaike.com/wiki/马牙半支
长瓣马铃苣苔,https://zhongyibaike.com/wiki/长瓣马铃苣苔
牛肠,https://zhongyibaike.com/wiki/牛肠
栀子花,https://zhongyibaike.com/wiki/栀子花
一品红,https://zhongyibaike.com/wiki/一品红
细草,https://zhongyibaike.com/wiki/细草
大烟锅草,https://zhongyibaike.com/wiki/大烟锅草
轮叶排草,https://zhongyibaike.com/wiki/轮叶排草
茅香,https://zhongyibaike.com/wiki/茅香
马兰,https://zhongyibaike.com/wiki/马兰
红旱莲,https://zhongyibaike.com/wiki/红旱莲
白药子,https://zhongyibaike.com/wiki/白药子
水木草,https://zhongyibaike.com/wiki/水木草
向日葵花盘,https://zhongyibaike.com/wiki/向日葵花盘
墨,https://zhongyibaike.com/wiki/墨
荠菜花,https://zhongyibaike.com/wiki/荠菜花
山茶花,https://zhongyibaike.com/wiki/山茶花
蚕豆花,https://zhongyibaike.com/wiki/蚕豆花
单叶血盆草,https://zhongyibaike.com/wiki/单叶血盆草
三七,https://zhongyibaike.com/wiki/三七
莲房,https://zhongyibaike.com/wiki/莲房
鱼鳔,https://zhongyibaike.com/wiki/鱼鳔
茜草,https://zhongyibaike.com/wiki/茜草
葱汁,https://zhongyibaike.com/wiki/葱汁
金锦香,https://zhongyibaike.com/wiki/金锦香
蒲黄,https://zhongyibaike.com/wiki/蒲黄
人尿,https://zhongyibaike.com/wiki/人尿
白茅花,https://zhongyibaike.com/wiki/白茅花
花蕊石,https://zhongyibaike.com/wiki/花蕊石
降香,https://zhongyibaike.com/wiki/降香
辣蓼,https://zhongyibaike.com/wiki/辣蓼
小驳骨,https://zhongyibaike.com/wiki/小驳骨
竹节参,https://zhongyibaike.com/wiki/竹节参
珠子参,https://zhongyibaike.com/wiki/珠子参
醋,https://zhongyibaike.com/wiki/醋
披麻草根,https://zhongyibaike.com/wiki/披麻草根
蟹壳,https://zhongyibaike.com/wiki/蟹壳
双花堇菜,https://zhongyibaike.com/wiki/双花堇菜
四季素馨花,https://zhongyibaike.com/wiki/四季素馨花
槐枝,https://zhongyibaike.com/wiki/槐枝
水团花,https://zhongyibaike.com/wiki/水团花
仙桃草,https://zhongyibaike.com/wiki/仙桃草
水苦荬,https://zhongyibaike.com/wiki/水苦荬
铁包金,https://zhongyibaike.com/wiki/铁包金
花生衣,https://zhongyibaike.com/wiki/花生衣
荷叶蒂,https://zhongyibaike.com/wiki/荷叶蒂
白及,https://zhongyibaike.com/wiki/白及
仙鹤草,https://zhongyibaike.com/wiki/仙鹤草
碧桃干,https://zhongyibaike.com/wiki/碧桃干
紫珠,https://zhongyibaike.com/wiki/紫珠
象皮,https://zhongyibaike.com/wiki/象皮
虫白蜡,https://zhongyibaike.com/wiki/虫白蜡
倒触伞,https://zhongyibaike.com/wiki/倒触伞
藕节,https://zhongyibaike.com/wiki/藕节
橡实,https://zhongyibaike.com/wiki/橡实
棕树根,https://zhongyibaike.com/wiki/棕树根
鸡冠花,https://zhongyibaike.com/wiki/鸡冠花
鸡子壳,https://zhongyibaike.com/wiki/鸡子壳
棕榈炭,https://zhongyibaike.com/wiki/棕榈炭
血余炭,https://zhongyibaike.com/wiki/血余炭
广东紫珠,https://zhongyibaike.com/wiki/广东紫珠
松花粉,https://zhongyibaike.com/wiki/松花粉
贯叶连翘,https://zhongyibaike.com/wiki/贯叶连翘
乌贼鱼腹中墨,https://zhongyibaike.com/wiki/乌贼鱼腹中墨
蚕豆茎,https://zhongyibaike.com/wiki/蚕豆茎
蚕豆叶,https://zhongyibaike.com/wiki/蚕豆叶
莲衣,https://zhongyibaike.com/wiki/莲衣
西瓜子壳,https://zhongyibaike.com/wiki/西瓜子壳
麦角,https://zhongyibaike.com/wiki/麦角
棕榈子,https://zhongyibaike.com/wiki/棕榈子
牛角腮,https://zhongyibaike.com/wiki/牛角腮
橄榄核,https://zhongyibaike.com/wiki/橄榄核
金樱根,https://zhongyibaike.com/wiki/金樱根
棕榈皮,https://zhongyibaike.com/wiki/棕榈皮
岗稔根,https://zhongyibaike.com/wiki/岗稔根
艾叶,https://zhongyibaike.com/wiki/艾叶
灶心土,https://zhongyibaike.com/wiki/灶心土
炮姜,https://zhongyibaike.com/wiki/炮姜
百草霜,https://zhongyibaike.com/wiki/百草霜
川芎,https://zhongyibaike.com/wiki/川芎
延胡索,https://zhongyibaike.com/wiki/延胡索
冬凌草,https://zhongyibaike.com/wiki/冬凌草
草血竭,https://zhongyibaike.com/wiki/草血竭
栗子,https://zhongyibaike.com/wiki/栗子
酒糟,https://zhongyibaike.com/wiki/酒糟
茅莓,https://zhongyibaike.com/wiki/茅莓
郁金,https://zhongyibaike.com/wiki/郁金
姜黄,https://zhongyibaike.com/wiki/姜黄
独一味,https://zhongyibaike.com/wiki/独一味
片姜黄,https://zhongyibaike.com/wiki/片姜黄
夜明砂,https://zhongyibaike.com/wiki/夜明砂
乳香,https://zhongyibaike.com/wiki/乳香
没药,https://zhongyibaike.com/wiki/没药
五灵脂,https://zhongyibaike.com/wiki/五灵脂
茄子,https://zhongyibaike.com/wiki/茄子
夏天无,https://zhongyibaike.com/wiki/夏天无
枫香脂,https://zhongyibaike.com/wiki/枫香脂
山香圆叶,https://zhongyibaike.com/wiki/山香圆叶
山楂叶,https://zhongyibaike.com/wiki/山楂叶
瓜子金,https://zhongyibaike.com/wiki/瓜子金
亚乎奴,https://zhongyibaike.com/wiki/亚乎奴
朱砂根,https://zhongyibaike.com/wiki/朱砂根
灯盏细辛,https://zhongyibaike.com/wiki/灯盏细辛
两面针,https://zhongyibaike.com/wiki/两面针
桃枝,https://zhongyibaike.com/wiki/桃枝
蓍草,https://zhongyibaike.com/wiki/蓍草
九龙藤,https://zhongyibaike.com/wiki/九龙藤
金叶子,https://zhongyibaike.com/wiki/金叶子
金慈姑,https://zhongyibaike.com/wiki/金慈姑
鳕鱼,https://zhongyibaike.com/wiki/鳕鱼
小花八角枫,https://zhongyibaike.com/wiki/小花八角枫
单刀根,https://zhongyibaike.com/wiki/单刀根
龙船花,https://zhongyibaike.com/wiki/龙船花
罗勒,https://zhongyibaike.com/wiki/罗勒
白花丹,https://zhongyibaike.com/wiki/白花丹
胃友,https://zhongyibaike.com/wiki/胃友
红花子,https://zhongyibaike.com/wiki/红花子
铁棒锤,https://zhongyibaike.com/wiki/铁棒锤
无名异,https://zhongyibaike.com/wiki/无名异
桃根,https://zhongyibaike.com/wiki/桃根
接骨木,https://zhongyibaike.com/wiki/接骨木
白花菜子,https://zhongyibaike.com/wiki/白花菜子
丹参,https://zhongyibaike.com/wiki/丹参
红花,https://zhongyibaike.com/wiki/红花
茺蔚子,https://zhongyibaike.com/wiki/茺蔚子
藏红花,https://zhongyibaike.com/wiki/藏红花
蘘荷,https://zhongyibaike.com/wiki/蘘荷
血见愁,https://zhongyibaike.com/wiki/血见愁
桃仁,https://zhongyibaike.com/wiki/桃仁
益母草,https://zhongyibaike.com/wiki/益母草
泽兰,https://zhongyibaike.com/wiki/泽兰
王不留行,https://zhongyibaike.com/wiki/王不留行
竹根七,https://zhongyibaike.com/wiki/竹根七
小罗伞,https://zhongyibaike.com/wiki/小罗伞
月季花,https://zhongyibaike.com/wiki/月季花
凌霄花,https://zhongyibaike.com/wiki/凌霄花
川牛膝,https://zhongyibaike.com/wiki/川牛膝
牛膝,https://zhongyibaike.com/wiki/牛膝
鸡血藤,https://zhongyibaike.com/wiki/鸡血藤
小叶莲,https://zhongyibaike.com/wiki/小叶莲
黑种草子,https://zhongyibaike.com/wiki/黑种草子
虎刺,https://zhongyibaike.com/wiki/虎刺
吊干麻,https://zhongyibaike.com/wiki/吊干麻
黄花远志,https://zhongyibaike.com/wiki/黄花远志
红泽兰,https://zhongyibaike.com/wiki/红泽兰
麦瓶草,https://zhongyibaike.com/wiki/麦瓶草
长叶丹参,https://zhongyibaike.com/wiki/长叶丹参
丛枝蓼,https://zhongyibaike.com/wiki/丛枝蓼
八宝茶,https://zhongyibaike.com/wiki/八宝茶
紫荆皮,https://zhongyibaike.com/wiki/紫荆皮
金雀根,https://zhongyibaike.com/wiki/金雀根
丝瓜藤,https://zhongyibaike.com/wiki/丝瓜藤
土鳖虫,https://zhongyibaike.com/wiki/土鳖虫
土牛膝,https://zhongyibaike.com/wiki/土牛膝
自然铜,https://zhongyibaike.com/wiki/自然铜
景天三七,https://zhongyibaike.com/wiki/景天三七
山羊血,https://zhongyibaike.com/wiki/山羊血
马钱子,https://zhongyibaike.com/wiki/马钱子
苏木,https://zhongyibaike.com/wiki/苏木
骨碎补,https://zhongyibaike.com/wiki/骨碎补
血竭,https://zhongyibaike.com/wiki/血竭
儿茶,https://zhongyibaike.com/wiki/儿茶
刘寄奴,https://zhongyibaike.com/wiki/刘寄奴
马钱子粉,https://zhongyibaike.com/wiki/马钱子粉
水稻清,https://zhongyibaike.com/wiki/水稻清
九倒生,https://zhongyibaike.com/wiki/九倒生
大白药,https://zhongyibaike.com/wiki/大白药
九子莲,https://zhongyibaike.com/wiki/九子莲
小接骨丹,https://zhongyibaike.com/wiki/小接骨丹
百步还阳丹,https://zhongyibaike.com/wiki/百步还阳丹
地苏木,https://zhongyibaike.com/wiki/地苏木
莴苣子,https://zhongyibaike.com/wiki/莴苣子
波罗蜜叶,https://zhongyibaike.com/wiki/波罗蜜叶
莪术,https://zhongyibaike.com/wiki/莪术
三棱,https://zhongyibaike.com/wiki/三棱
鬼箭羽,https://zhongyibaike.com/wiki/鬼箭羽
卷柏,https://zhongyibaike.com/wiki/卷柏
水蛭,https://zhongyibaike.com/wiki/水蛭
虻虫,https://zhongyibaike.com/wiki/虻虫
蟑螂,https://zhongyibaike.com/wiki/蟑螂
斑蝥,https://zhongyibaike.com/wiki/斑蝥
壁虎,https://zhongyibaike.com/wiki/壁虎
穿山甲,https://zhongyibaike.com/wiki/穿山甲
急性子,https://zhongyibaike.com/wiki/急性子
鳝鱼皮,https://zhongyibaike.com/wiki/鳝鱼皮
地胆,https://zhongyibaike.com/wiki/地胆
鼠妇虫,https://zhongyibaike.com/wiki/鼠妇虫
蛴螬,https://zhongyibaike.com/wiki/蛴螬
王瓜根,https://zhongyibaike.com/wiki/王瓜根
干漆,https://zhongyibaike.com/wiki/干漆
红娘虫,https://zhongyibaike.com/wiki/红娘虫
半夏,https://zhongyibaike.com/wiki/半夏
天南星,https://zhongyibaike.com/wiki/天南星
胆南星,https://zhongyibaike.com/wiki/胆南星
猪牙皂,https://zhongyibaike.com/wiki/猪牙皂
姜汁,https://zhongyibaike.com/wiki/姜汁
猫爪草,https://zhongyibaike.com/wiki/猫爪草
禹白附,https://zhongyibaike.com/wiki/禹白附
白芥子,https://zhongyibaike.com/wiki/白芥子
旋覆花,https://zhongyibaike.com/wiki/旋覆花
白前,https://zhongyibaike.com/wiki/白前
川贝母,https://zhongyibaike.com/wiki/川贝母
瓜蒌子,https://zhongyibaike.com/wiki/瓜蒌子
瓜蒌皮,https://zhongyibaike.com/wiki/瓜蒌皮
浙贝母,https://zhongyibaike.com/wiki/浙贝母
荸荠,https://zhongyibaike.com/wiki/荸荠
百药煎,https://zhongyibaike.com/wiki/百药煎
冬瓜子,https://zhongyibaike.com/wiki/冬瓜子
瓜蒌,https://zhongyibaike.com/wiki/瓜蒌
竹茹,https://zhongyibaike.com/wiki/竹茹
梨,https://zhongyibaike.com/wiki/梨
竹沥,https://zhongyibaike.com/wiki/竹沥
龙脷叶,https://zhongyibaike.com/wiki/龙脷叶
天竺黄,https://zhongyibaike.com/wiki/天竺黄
桔梗,https://zhongyibaike.com/wiki/桔梗
前胡,https://zhongyibaike.com/wiki/前胡
蛤壳,https://zhongyibaike.com/wiki/蛤壳
胖大海,https://zhongyibaike.com/wiki/胖大海
海浮石,https://zhongyibaike.com/wiki/海浮石
瓦楞子,https://zhongyibaike.com/wiki/瓦楞子
金礞石,https://zhongyibaike.com/wiki/金礞石
海藻,https://zhongyibaike.com/wiki/海藻
昆布,https://zhongyibaike.com/wiki/昆布
平贝母,https://zhongyibaike.com/wiki/平贝母
伊贝母,https://zhongyibaike.com/wiki/伊贝母
甜瓜子,https://zhongyibaike.com/wiki/甜瓜子
湖北贝母,https://zhongyibaike.com/wiki/湖北贝母
猪仔笠,https://zhongyibaike.com/wiki/猪仔笠
海带,https://zhongyibaike.com/wiki/海带
毛白杨,https://zhongyibaike.com/wiki/毛白杨
太白贝母,https://zhongyibaike.com/wiki/太白贝母
白螺蛳壳,https://zhongyibaike.com/wiki/白螺蛳壳
皂荚子,https://zhongyibaike.com/wiki/皂荚子
无患子,https://zhongyibaike.com/wiki/无患子
苦杏仁,https://zhongyibaike.com/wiki/苦杏仁
胡颓子根,https://zhongyibaike.com/wiki/胡颓子根
甜杏仁,https://zhongyibaike.com/wiki/甜杏仁
柿霜,https://zhongyibaike.com/wiki/柿霜
一匹绸,https://zhongyibaike.com/wiki/一匹绸
手掌参,https://zhongyibaike.com/wiki/手掌参
苏子,https://zhongyibaike.com/wiki/苏子
百部,https://zhongyibaike.com/wiki/百部
土党参,https://zhongyibaike.com/wiki/土党参
水莎草,https://zhongyibaike.com/wiki/水莎草
高粱根,https://zhongyibaike.com/wiki/高粱根
蚱蜢,https://zhongyibaike.com/wiki/蚱蜢
紫菀,https://zhongyibaike.com/wiki/紫菀
款冬花,https://zhongyibaike.com/wiki/款冬花
马兜铃,https://zhongyibaike.com/wiki/马兜铃
枇杷叶,https://zhongyibaike.com/wiki/枇杷叶
枇杷花,https://zhongyibaike.com/wiki/枇杷花
桑白皮,https://zhongyibaike.com/wiki/桑白皮
葶苈子,https://zhongyibaike.com/wiki/葶苈子
白果,https://zhongyibaike.com/wiki/白果
银杏叶,https://zhongyibaike.com/wiki/银杏叶
华山参,https://zhongyibaike.com/wiki/华山参
罗汉果,https://zhongyibaike.com/wiki/罗汉果
胡颓子叶,https://zhongyibaike.com/wiki/胡颓子叶
矮地茶,https://zhongyibaike.com/wiki/矮地茶
洋金花,https://zhongyibaike.com/wiki/洋金花
天仙子,https://zhongyibaike.com/wiki/天仙子
石吊兰,https://zhongyibaike.com/wiki/石吊兰
牡荆叶,https://zhongyibaike.com/wiki/牡荆叶
野马追,https://zhongyibaike.com/wiki/野马追
猪胆粉,https://zhongyibaike.com/wiki/猪胆粉
满山红,https://zhongyibaike.com/wiki/满山红
暴马子,https://zhongyibaike.com/wiki/暴马子
白沙糖,https://zhongyibaike.com/wiki/白沙糖
水黄杨木,https://zhongyibaike.com/wiki/水黄杨木
栗壳,https://zhongyibaike.com/wiki/栗壳
猪胰,https://zhongyibaike.com/wiki/猪胰
豆腐浆,https://zhongyibaike.com/wiki/豆腐浆
水晶鱼,https://zhongyibaike.com/wiki/水晶鱼
猪蹄甲,https://zhongyibaike.com/wiki/猪蹄甲
猫儿屎,https://zhongyibaike.com/wiki/猫儿屎
鱼草,https://zhongyibaike.com/wiki/鱼草
蚬壳,https://zhongyibaike.com/wiki/蚬壳
鲫鱼头,https://zhongyibaike.com/wiki/鲫鱼头
猪肺,https://zhongyibaike.com/wiki/猪肺
菠萝皮,https://zhongyibaike.com/wiki/菠萝皮
柠檬叶,https://zhongyibaike.com/wiki/柠檬叶
玫瑰茄,https://zhongyibaike.com/wiki/玫瑰茄
大火草根,https://zhongyibaike.com/wiki/大火草根
水莲沙,https://zhongyibaike.com/wiki/水莲沙
土丁桂,https://zhongyibaike.com/wiki/土丁桂
天山花楸,https://zhongyibaike.com/wiki/天山花楸
千日红,https://zhongyibaike.com/wiki/千日红
夹竹桃,https://zhongyibaike.com/wiki/夹竹桃
斑竹根,https://zhongyibaike.com/wiki/斑竹根
木犀花,https://zhongyibaike.com/wiki/木犀花
泡桐果,https://zhongyibaike.com/wiki/泡桐果
水獭肝,https://zhongyibaike.com/wiki/水獭肝
天浆壳,https://zhongyibaike.com/wiki/天浆壳
麻秸,https://zhongyibaike.com/wiki/麻秸
鸬鹚涎,https://zhongyibaike.com/wiki/鸬鹚涎
白苏子,https://zhongyibaike.com/wiki/白苏子
天竺子,https://zhongyibaike.com/wiki/天竺子
石决明,https://zhongyibaike.com/wiki/石决明
珍珠母,https://zhongyibaike.com/wiki/珍珠母
牡蛎,https://zhongyibaike.com/wiki/牡蛎
青礞石,https://zhongyibaike.com/wiki/青礞石
紫贝齿,https://zhongyibaike.com/wiki/紫贝齿
罗布麻叶,https://zhongyibaike.com/wiki/罗布麻叶
生铁落,https://zhongyibaike.com/wiki/生铁落
赭石,https://zhongyibaike.com/wiki/赭石
蒺藜,https://zhongyibaike.com/wiki/蒺藜
羚羊角,https://zhongyibaike.com/wiki/羚羊角
牛黄,https://zhongyibaike.com/wiki/牛黄
珍珠,https://zhongyibaike.com/wiki/珍珠
象牙,https://zhongyibaike.com/wiki/象牙
钩藤,https://zhongyibaike.com/wiki/钩藤
蚱蝉,https://zhongyibaike.com/wiki/蚱蝉
地龙,https://zhongyibaike.com/wiki/地龙
天麻,https://zhongyibaike.com/wiki/天麻
僵蚕,https://zhongyibaike.com/wiki/僵蚕
全蝎,https://zhongyibaike.com/wiki/全蝎
蜈蚣,https://zhongyibaike.com/wiki/蜈蚣
人工牛黄,https://zhongyibaike.com/wiki/人工牛黄
体外培育牛黄,https://zhongyibaike.com/wiki/体外培育牛黄
鸡脑,https://zhongyibaike.com/wiki/鸡脑
丝带蕨,https://zhongyibaike.com/wiki/丝带蕨
玳瑁,https://zhongyibaike.com/wiki/玳瑁
猴枣,https://zhongyibaike.com/wiki/猴枣
颠茄草,https://zhongyibaike.com/wiki/颠茄草
酸枣仁,https://zhongyibaike.com/wiki/酸枣仁
莲子心,https://zhongyibaike.com/wiki/莲子心
灵芝,https://zhongyibaike.com/wiki/灵芝
紫石英,https://zhongyibaike.com/wiki/紫石英
珊瑚,https://zhongyibaike.com/wiki/珊瑚
茯神,https://zhongyibaike.com/wiki/茯神
缬草,https://zhongyibaike.com/wiki/缬草
柏子仁,https://zhongyibaike.com/wiki/柏子仁
远志,https://zhongyibaike.com/wiki/远志
石莲子,https://zhongyibaike.com/wiki/石莲子
合欢皮,https://zhongyibaike.com/wiki/合欢皮
百合,https://zhongyibaike.com/wiki/百合
合欢花,https://zhongyibaike.com/wiki/合欢花
首乌藤,https://zhongyibaike.com/wiki/首乌藤
磁石,https://zhongyibaike.com/wiki/磁石
龙骨,https://zhongyibaike.com/wiki/龙骨
琥珀,https://zhongyibaike.com/wiki/琥珀
朱砂,https://zhongyibaike.com/wiki/朱砂
龙齿,https://zhongyibaike.com/wiki/龙齿
广枣,https://zhongyibaike.com/wiki/广枣
甘木通,https://zhongyibaike.com/wiki/甘木通
猪心,https://zhongyibaike.com/wiki/猪心
兔毛蒿,https://zhongyibaike.com/wiki/兔毛蒿
井华水,https://zhongyibaike.com/wiki/井华水
对虾壳,https://zhongyibaike.com/wiki/对虾壳
白石英,https://zhongyibaike.com/wiki/白石英
猴头菌,https://zhongyibaike.com/wiki/猴头菌
云母石,https://zhongyibaike.com/wiki/云母石
麝香,https://zhongyibaike.com/wiki/麝香
麝香壳,https://zhongyibaike.com/wiki/麝香壳
冰片,https://zhongyibaike.com/wiki/冰片
安息香,https://zhongyibaike.com/wiki/安息香
苏合香,https://zhongyibaike.com/wiki/苏合香
石菖蒲,https://zhongyibaike.com/wiki/石菖蒲
蟾酥,https://zhongyibaike.com/wiki/蟾酥
九节菖蒲,https://zhongyibaike.com/wiki/九节菖蒲
艾片,https://zhongyibaike.com/wiki/艾片
人参,https://zhongyibaike.com/wiki/人参
粟米,https://zhongyibaike.com/wiki/粟米
粳米,https://zhongyibaike.com/wiki/粳米
猪肚,https://zhongyibaike.com/wiki/猪肚
木耳,https://zhongyibaike.com/wiki/木耳
大豆黄,https://zhongyibaike.com/wiki/大豆黄
糯米泔,https://zhongyibaike.com/wiki/糯米泔
番薯,https://zhongyibaike.com/wiki/番薯
羊肉,https://zhongyibaike.com/wiki/羊肉
黍米,https://zhongyibaike.com/wiki/黍米
峨参,https://zhongyibaike.com/wiki/峨参
糯米,https://zhongyibaike.com/wiki/糯米
带鱼,https://zhongyibaike.com/wiki/带鱼
霞天膏,https://zhongyibaike.com/wiki/霞天膏
西洋参,https://zhongyibaike.com/wiki/西洋参
高丽参,https://zhongyibaike.com/wiki/高丽参
饴糖,https://zhongyibaike.com/wiki/饴糖
党参,https://zhongyibaike.com/wiki/党参
红参,https://zhongyibaike.com/wiki/红参
太子参,https://zhongyibaike.com/wiki/太子参
人参叶,https://zhongyibaike.com/wiki/人参叶
红芪,https://zhongyibaike.com/wiki/红芪
黄芪,https://zhongyibaike.com/wiki/黄芪
白术,https://zhongyibaike.com/wiki/白术
山药,https://zhongyibaike.com/wiki/山药
刺五加,https://zhongyibaike.com/wiki/刺五加
绞股蓝,https://zhongyibaike.com/wiki/绞股蓝
红景天,https://zhongyibaike.com/wiki/红景天
甘草,https://zhongyibaike.com/wiki/甘草
大枣,https://zhongyibaike.com/wiki/大枣
蜂蜜,https://zhongyibaike.com/wiki/蜂蜜
牛鼻栓,https://zhongyibaike.com/wiki/牛鼻栓
苹果,https://zhongyibaike.com/wiki/苹果
冰糖,https://zhongyibaike.com/wiki/冰糖
鸽,https://zhongyibaike.com/wiki/鸽
马铃薯,https://zhongyibaike.com/wiki/马铃薯
鲥鱼,https://zhongyibaike.com/wiki/鲥鱼
鸽卵,https://zhongyibaike.com/wiki/鸽卵
鳜鱼,https://zhongyibaike.com/wiki/鳜鱼
鹅肉,https://zhongyibaike.com/wiki/鹅肉
猪肉,https://zhongyibaike.com/wiki/猪肉
鸡肉,https://zhongyibaike.com/wiki/鸡肉
竹荪,https://zhongyibaike.com/wiki/竹荪
芋头,https://zhongyibaike.com/wiki/芋头
青鱼,https://zhongyibaike.com/wiki/青鱼
黄芽白菜,https://zhongyibaike.com/wiki/黄芽白菜
马肉,https://zhongyibaike.com/wiki/马肉
蜗牛壳,https://zhongyibaike.com/wiki/蜗牛壳
鲟鱼,https://zhongyibaike.com/wiki/鲟鱼
猪肝,https://zhongyibaike.com/wiki/猪肝
酒酿,https://zhongyibaike.com/wiki/酒酿
甘蓝,https://zhongyibaike.com/wiki/甘蓝
人参子,https://zhongyibaike.com/wiki/人参子
陈仓米,https://zhongyibaike.com/wiki/陈仓米
金缕梅,https://zhongyibaike.com/wiki/金缕梅
鹿茸,https://zhongyibaike.com/wiki/鹿茸
鹿角胶,https://zhongyibaike.com/wiki/鹿角胶
鹿角,https://zhongyibaike.com/wiki/鹿角
鹿角霜,https://zhongyibaike.com/wiki/鹿角霜
麻雀脑,https://zhongyibaike.com/wiki/麻雀脑
淡菜,https://zhongyibaike.com/wiki/淡菜
雀,https://zhongyibaike.com/wiki/雀
羊肾,https://zhongyibaike.com/wiki/羊肾
紫河车,https://zhongyibaike.com/wiki/紫河车
雪莲花,https://zhongyibaike.com/wiki/雪莲花
脐带,https://zhongyibaike.com/wiki/脐带
楮实子,https://zhongyibaike.com/wiki/楮实子
海龙,https://zhongyibaike.com/wiki/海龙
肉苁蓉,https://zhongyibaike.com/wiki/肉苁蓉
牛骨髓,https://zhongyibaike.com/wiki/牛骨髓
巴戟天,https://zhongyibaike.com/wiki/巴戟天
淫羊藿,https://zhongyibaike.com/wiki/淫羊藿
仙茅,https://zhongyibaike.com/wiki/仙茅
锁阳,https://zhongyibaike.com/wiki/锁阳
杜仲叶,https://zhongyibaike.com/wiki/杜仲叶
钟乳石,https://zhongyibaike.com/wiki/钟乳石
韭菜子,https://zhongyibaike.com/wiki/韭菜子
阳起石,https://zhongyibaike.com/wiki/阳起石
核桃仁,https://zhongyibaike.com/wiki/核桃仁
葫芦巴,https://zhongyibaike.com/wiki/葫芦巴
补骨脂,https://zhongyibaike.com/wiki/补骨脂
益智,https://zhongyibaike.com/wiki/益智
菟丝子,https://zhongyibaike.com/wiki/菟丝子
沙苑子,https://zhongyibaike.com/wiki/沙苑子
雄蚕蛾,https://zhongyibaike.com/wiki/雄蚕蛾
杜仲,https://zhongyibaike.com/wiki/杜仲
续断,https://zhongyibaike.com/wiki/续断
蛤蚧,https://zhongyibaike.com/wiki/蛤蚧
海狗肾,https://zhongyibaike.com/wiki/海狗肾
海马,https://zhongyibaike.com/wiki/海马
哈蟆油,https://zhongyibaike.com/wiki/哈蟆油
冬虫夏草,https://zhongyibaike.com/wiki/冬虫夏草
对虾,https://zhongyibaike.com/wiki/对虾
虾,https://zhongyibaike.com/wiki/虾
葱实,https://zhongyibaike.com/wiki/葱实
鸡肝,https://zhongyibaike.com/wiki/鸡肝
龙虾,https://zhongyibaike.com/wiki/龙虾
猪肾,https://zhongyibaike.com/wiki/猪肾
海参,https://zhongyibaike.com/wiki/海参
萝藦子,https://zhongyibaike.com/wiki/萝藦子
萝藦,https://zhongyibaike.com/wiki/萝藦
鹅管石,https://zhongyibaike.com/wiki/鹅管石
艾实,https://zhongyibaike.com/wiki/艾实
韭菜,https://zhongyibaike.com/wiki/韭菜
侧耳,https://zhongyibaike.com/wiki/侧耳
南烛子,https://zhongyibaike.com/wiki/南烛子
当归,https://zhongyibaike.com/wiki/当归
熟地黄,https://zhongyibaike.com/wiki/熟地黄
何首乌,https://zhongyibaike.com/wiki/何首乌
白芍,https://zhongyibaike.com/wiki/白芍
牛肉,https://zhongyibaike.com/wiki/牛肉
酥油,https://zhongyibaike.com/wiki/酥油
荔枝肉,https://zhongyibaike.com/wiki/荔枝肉
鳖甲胶,https://zhongyibaike.com/wiki/鳖甲胶
阿胶,https://zhongyibaike.com/wiki/阿胶
龙眼肉,https://zhongyibaike.com/wiki/龙眼肉
蓝布正,https://zhongyibaike.com/wiki/蓝布正
葡萄,https://zhongyibaike.com/wiki/葡萄
樱桃,https://zhongyibaike.com/wiki/樱桃
猪蹄,https://zhongyibaike.com/wiki/猪蹄
腐巴,https://zhongyibaike.com/wiki/腐巴
猪血,https://zhongyibaike.com/wiki/猪血
章鱼,https://zhongyibaike.com/wiki/章鱼
乌贼鱼肉,https://zhongyibaike.com/wiki/乌贼鱼肉
龟血,https://zhongyibaike.com/wiki/龟血
鸭血,https://zhongyibaike.com/wiki/鸭血
龟肉,https://zhongyibaike.com/wiki/龟肉
鲳鱼,https://zhongyibaike.com/wiki/鲳鱼
驴肉,https://zhongyibaike.com/wiki/驴肉
黑枣,https://zhongyibaike.com/wiki/黑枣
一点血,https://zhongyibaike.com/wiki/一点血
北沙参,https://zhongyibaike.com/wiki/北沙参
南沙参,https://zhongyibaike.com/wiki/南沙参
人乳汁,https://zhongyibaike.com/wiki/人乳汁
酥,https://zhongyibaike.com/wiki/酥
麦冬,https://zhongyibaike.com/wiki/麦冬
凤凰衣,https://zhongyibaike.com/wiki/凤凰衣
天冬,https://zhongyibaike.com/wiki/天冬
石斛,https://zhongyibaike.com/wiki/石斛
玉竹,https://zhongyibaike.com/wiki/玉竹
银耳,https://zhongyibaike.com/wiki/银耳
明党参,https://zhongyibaike.com/wiki/明党参
鸡子,https://zhongyibaike.com/wiki/鸡子
枸杞子,https://zhongyibaike.com/wiki/枸杞子
桑椹,https://zhongyibaike.com/wiki/桑椹
黑芝麻,https://zhongyibaike.com/wiki/黑芝麻
龟板胶,https://zhongyibaike.com/wiki/龟板胶
铁皮石斛,https://zhongyibaike.com/wiki/铁皮石斛
黄精,https://zhongyibaike.com/wiki/黄精
墨旱莲,https://zhongyibaike.com/wiki/墨旱莲
女贞子,https://zhongyibaike.com/wiki/女贞子
龟甲,https://zhongyibaike.com/wiki/龟甲
鳖甲,https://zhongyibaike.com/wiki/鳖甲
鸡子黄,https://zhongyibaike.com/wiki/鸡子黄
乌骨鸡,https://zhongyibaike.com/wiki/乌骨鸡
鳖脂,https://zhongyibaike.com/wiki/鳖脂
鸭卵,https://zhongyibaike.com/wiki/鸭卵
鳖卵,https://zhongyibaike.com/wiki/鳖卵
银鱼,https://zhongyibaike.com/wiki/银鱼
鳖血,https://zhongyibaike.com/wiki/鳖血
鳖肉,https://zhongyibaike.com/wiki/鳖肉
蛏肉,https://zhongyibaike.com/wiki/蛏肉
鲈鱼,https://zhongyibaike.com/wiki/鲈鱼
猪髓,https://zhongyibaike.com/wiki/猪髓
燕窝,https://zhongyibaike.com/wiki/燕窝
玄精石,https://zhongyibaike.com/wiki/玄精石
麻黄根,https://zhongyibaike.com/wiki/麻黄根
小麦麸,https://zhongyibaike.com/wiki/小麦麸
浮小麦,https://zhongyibaike.com/wiki/浮小麦
糯稻根须,https://zhongyibaike.com/wiki/糯稻根须
五味子,https://zhongyibaike.com/wiki/五味子
乌梅,https://zhongyibaike.com/wiki/乌梅
五倍子,https://zhongyibaike.com/wiki/五倍子
白梅,https://zhongyibaike.com/wiki/白梅
白石脂,https://zhongyibaike.com/wiki/白石脂
罂粟壳,https://zhongyibaike.com/wiki/罂粟壳
禹余粮,https://zhongyibaike.com/wiki/禹余粮
诃子,https://zhongyibaike.com/wiki/诃子
盘龙七,https://zhongyibaike.com/wiki/盘龙七
石榴皮,https://zhongyibaike.com/wiki/石榴皮
肉豆蔻,https://zhongyibaike.com/wiki/肉豆蔻
赤石脂,https://zhongyibaike.com/wiki/赤石脂
柿饼,https://zhongyibaike.com/wiki/柿饼
菱壳,https://zhongyibaike.com/wiki/菱壳
石榴叶,https://zhongyibaike.com/wiki/石榴叶
凤眼草,https://zhongyibaike.com/wiki/凤眼草
没食子,https://zhongyibaike.com/wiki/没食子
山茱萸,https://zhongyibaike.com/wiki/山茱萸
覆盆子,https://zhongyibaike.com/wiki/覆盆子
桑螵蛸,https://zhongyibaike.com/wiki/桑螵蛸
金樱子,https://zhongyibaike.com/wiki/金樱子
海螵蛸,https://zhongyibaike.com/wiki/海螵蛸
莲子,https://zhongyibaike.com/wiki/莲子
莲须,https://zhongyibaike.com/wiki/莲须
芡实,https://zhongyibaike.com/wiki/芡实
刺猬皮,https://zhongyibaike.com/wiki/刺猬皮
椿皮,https://zhongyibaike.com/wiki/椿皮
鸡肠,https://zhongyibaike.com/wiki/鸡肠
紫梢花,https://zhongyibaike.com/wiki/紫梢花
常山,https://zhongyibaike.com/wiki/常山
瓜蒂,https://zhongyibaike.com/wiki/瓜蒂
胆矾,https://zhongyibaike.com/wiki/胆矾
食盐,https://zhongyibaike.com/wiki/食盐
鹅血,https://zhongyibaike.com/wiki/鹅血
白矾,https://zhongyibaike.com/wiki/白矾
皂角刺,https://zhongyibaike.com/wiki/皂角刺
茶油,https://zhongyibaike.com/wiki/茶油
土荆皮,https://zhongyibaike.com/wiki/土荆皮
黄矾,https://zhongyibaike.com/wiki/黄矾
苍耳,https://zhongyibaike.com/wiki/苍耳
藜芦,https://zhongyibaike.com/wiki/藜芦
硫黄,https://zhongyibaike.com/wiki/硫黄
雄黄,https://zhongyibaike.com/wiki/雄黄
莽草,https://zhongyibaike.com/wiki/莽草
樟脑,https://zhongyibaike.com/wiki/樟脑
大风子,https://zhongyibaike.com/wiki/大风子
木鳖子,https://zhongyibaike.com/wiki/木鳖子
蛇床子,https://zhongyibaike.com/wiki/蛇床子
蜂房,https://zhongyibaike.com/wiki/蜂房
大蒜,https://zhongyibaike.com/wiki/大蒜
皂矾,https://zhongyibaike.com/wiki/皂矾
枯矾,https://zhongyibaike.com/wiki/枯矾
肥皂荚,https://zhongyibaike.com/wiki/肥皂荚
猪骨,https://zhongyibaike.com/wiki/猪骨
蚕蛹,https://zhongyibaike.com/wiki/蚕蛹
胡桃壳,https://zhongyibaike.com/wiki/胡桃壳
白骨走马,https://zhongyibaike.com/wiki/白骨走马
粉霜,https://zhongyibaike.com/wiki/粉霜
望月砂,https://zhongyibaike.com/wiki/望月砂
番木瓜,https://zhongyibaike.com/wiki/番木瓜
蟾蜍,https://zhongyibaike.com/wiki/蟾蜍
铜绿,https://zhongyibaike.com/wiki/铜绿
藤黄,https://zhongyibaike.com/wiki/藤黄
木槿皮,https://zhongyibaike.com/wiki/木槿皮
铅粉,https://zhongyibaike.com/wiki/铅粉
吕宋果,https://zhongyibaike.com/wiki/吕宋果
银朱,https://zhongyibaike.com/wiki/银朱
烟胶,https://zhongyibaike.com/wiki/烟胶
密陀僧,https://zhongyibaike.com/wiki/密陀僧
阳桃花,https://zhongyibaike.com/wiki/阳桃花
水银,https://zhongyibaike.com/wiki/水银
松叶,https://zhongyibaike.com/wiki/松叶
雌黄,https://zhongyibaike.com/wiki/雌黄
醉鱼草,https://zhongyibaike.com/wiki/醉鱼草
升药,https://zhongyibaike.com/wiki/升药
轻粉,https://zhongyibaike.com/wiki/轻粉
砒石,https://zhongyibaike.com/wiki/砒石
铅丹,https://zhongyibaike.com/wiki/铅丹
石灰,https://zhongyibaike.com/wiki/石灰
炉甘石,https://zhongyibaike.com/wiki/炉甘石
硼砂,https://zhongyibaike.com/wiki/硼砂
走马胎叶,https://zhongyibaike.com/wiki/走马胎叶
松香,https://zhongyibaike.com/wiki/松香
蜂胶,https://zhongyibaike.com/wiki/蜂胶
蜂蜡,https://zhongyibaike.com/wiki/蜂蜡
桐油,https://zhongyibaike.com/wiki/桐油
獭皮毛,https://zhongyibaike.com/wiki/獭皮毛
水黾,https://zhongyibaike.com/wiki/水黾
鹅毛,https://zhongyibaike.com/wiki/鹅毛
猫油,https://zhongyibaike.com/wiki/猫油
蜣螂,https://zhongyibaike.com/wiki/蜣螂
升药底,https://zhongyibaike.com/wiki/升药底
白丁香,https://zhongyibaike.com/wiki/白丁香
酸枣树皮,https://zhongyibaike.com/wiki/酸枣树皮
砒霜,https://zhongyibaike.com/wiki/砒霜
木竹子,https://zhongyibaike.com/wiki/木竹子
铅霜,https://zhongyibaike.com/wiki/铅霜
硇砂,https://zhongyibaike.com/wiki/硇砂
毛车藤,https://zhongyibaike.com/wiki/毛车藤
棉花子,https://zhongyibaike.com/wiki/棉花子
